original_filename,lab_sample_id,assigned_rid,method
000006_SWRO.pdf,30183119001,s:30183119001,metadata_cluster
000006_SWRO.pdf,6072754-01,s:6072754-01,metadata_cluster
000006_SWRO.pdf,6072754-02,s:6072754-01,metadata_cluster
000006_SWRO.pdf,6072754-03,s:6072754-01,metadata_cluster
000006_SWRO.pdf,6072755-01,s:6072754-01,metadata_cluster
000006_SWRO.pdf,6072755-02,s:6072754-01,metadata_cluster
000006_SWRO.pdf,6072755-03,s:6072754-01,metadata_cluster
000006_SWRO.pdf,9J12052-02,s:9J12052-02,metadata_cluster
000006_SWRO.pdf,1C02015-01,s:1C02015-01,metadata_cluster
000006_SWRO.pdf,1C15059-01,s:1C15059-01,metadata_cluster
000006_SWRO.pdf,1K12019-01,s:1K12019-01,metadata_cluster
000006_SWRO.pdf,1L03222-01,s:1L03222-01,metadata_cluster
000006_SWRO.pdf,1L30011-01,s:1L30011-01,metadata_cluster
000013_BKV 810 2023 FORM_26R reduced.pdf,AWB0391-01,s:AWB0391-01,single_report
000030_Jackson 1H_RWC810-26R_2022.pdf,1D13149-01,s:1D13149-01,metadata_cluster
000030_Jackson 1H_RWC810-26R_2022.pdf,1C19231-01,s:1C19231-01,metadata_cluster
000059_Swain Master Meter_RWC802-26R_2023.pdf,AWK3743-06,s:AWK3743-06,single_report
000060_COG NC 26R 2022 reports (1).pdf,30495368001,s:30495368001,single_report
000157_J147659-1 UDS Level 2 Report Final Report.pdf,180-147486-A-1-I DU,s:180-147486-A-1-I DU,single_report
000159_J148933-2 UDS Level 2 Report Final Report.pdf,180-184933-2,s:180-184933-2,single_report
000183_J154035-1 UDS Level 2 Report Final Report.pdf,LCS 180-431682/6,s:LCS 180-431682/6,single_report
000212_J159085-1 UDS Level 2 Report Rev(1) Final Report.pdf,180-159085-1,s:180-159085-1,single_report
000231_BKV 26R 802 2020.pdf,0072787-02,s:0072787-02,single_report
000232_BKV 26R 803 2020.pdf,30369084001,s:30369084001,single_report
000232_BKV 26R 803 2020.pdf,30369084002,s:30369084001,single_report
"000271_Duncan, C. 1 Brine ______.pdf",11 07418,s:11 07418,single_report
"000271_Duncan, C. 1 Brine ______.pdf",11 07420,s:11 07418,single_report
000274_J161974-1 UDS Level 2 Report Final Report.pdf,180-161973-A-3-B DU,s:180-161973-A-3-B DU,single_report
000289_804_BRA_WINDHAM_26R_2022.pdf,9B12014-01,s:9B12014-01,single_report
000312_J163432-1 UDS Level 2 Report Rev(1) Final Report.pdf,180-163349-H-2-A,s:180-163349-H-2-A,single_report
000330_J164603-1 UDS Level 2 Report Final Report.pdf,180-164615-A-1-I MS,s:180-164615-A-1-I MS,single_report
000330_J164603-1 UDS Level 2 Report Final Report.pdf,180-164615-A-1-J MSD,s:180-164615-A-1-I MS,single_report
000330_J164603-1 UDS Level 2 Report Final Report.pdf,LB 180-450717/1-C,s:180-164615-A-1-I MS,single_report
000357_ARNOLD CTB_900591_811_26R_2022.pdf,180-139143-1,s:180-139143-1,single_report
000372_BRA_ASYLUM_810 26R_2022.pdf,LB 180-347780/1-D,s:LB 180-347780/1-D,single_report
000395_26R_RY2023_CTRA_NEPA MARCELLUS SHALE OPERATIONS_RWC 804_WET TANK SEDIMENT-SLUDGE.pdf,410-115361-2 DU,s:410-115361-2 DU,single_report
000400_26R_RY2023_CTRA_NEPA MARCELLUS SHALE OPERATIONS_RWC 810_DRILL CUTTINGS.pdf,3338391001,s:3338391001,single_report
000400_26R_RY2023_CTRA_NEPA MARCELLUS SHALE OPERATIONS_RWC 810_DRILL CUTTINGS.pdf,410-150572-1,s:3338391001,single_report
000400_26R_RY2023_CTRA_NEPA MARCELLUS SHALE OPERATIONS_RWC 810_DRILL CUTTINGS.pdf,410-150572-1 DU,s:3338391001,single_report
000407_NCRO Form 26R 2023.pdf,AXF0726-01,s:AXF0726-01,metadata_cluster
000407_NCRO Form 26R 2023.pdf,AXF1288-01,s:AXF1288-01,metadata_cluster
000407_NCRO Form 26R 2023.pdf,AXF1018-01,s:AXF1018-01,metadata_cluster
000461_Inflection Energy (PA) LLC_Form 26R_RWC 810_Drill Cuttings_RY2023.pdf,23010479-001,s:23010479-001,single_report
000461_Inflection Energy (PA) LLC_Form 26R_RWC 810_Drill Cuttings_RY2023.pdf,23010479-002,s:23010479-001,single_report
000463_26R_RY2022_CTRA_NEPA MARCELLUS SHALE OPERATIONS_RWC 804_WET TANK SEDIMENT-SLUDGE.pdf,3243189001,s:3243189001,single_report
000469_26R_RY2022_CTRA_NEPA MARCELLUS SHALE OPERATIONS_RWC 899_OTHER OIL & GAS WASTES - IMPACTED STORMWATER.pdf,L1567303,s:L1567303,single_report
"000487_COGC_Keeves, J. Pad 1_RWC 802_Produced Fluid_26R_RY2020.pdf",20101261-001B,s:20101261-001B,single_report
"000487_COGC_Keeves, J. Pad 1_RWC 802_Produced Fluid_26R_RY2020.pdf",20101261-001D,s:20101261-001B,single_report
000521_Helen Bukovac 4H Brine ______.pdf,11 07421,s:11 07421,single_report
000521_Helen Bukovac 4H Brine ______.pdf,11 07422,s:11 07421,single_report
000552_20250708093733616.pdf,1F07011-01,s:1F07011-01,single_report
000552_20250708093733616.pdf,1F07011-02,s:1F07011-01,single_report
000552_20250708093733616.pdf,1F07011-03,s:1F07011-01,single_report
000553_Fawn Developers 3H Brine_______.pdf,11 07306,s:11 07306,single_report
000562_20250708094544319.pdf,30394521001,s:30394521001,single_report
000566_26R Form 804 Huck D 2023.pdf,30450945001,s:30450945001,single_report
000566_Cooley (05-004) P PAD_802_PW 2022.pdf,30336383002,s:30336383002,single_report
000611_G.Joseph 10H & 11H Brine_______.pdf,11 07425,s:11 07425,single_report
000624_+ Nelson 8392 Cuttings.pdf,10 03903,s:10 03903,metadata_cluster
000624_+ Nelson 8392 Cuttings.pdf,10 03904,s:10 03903,metadata_cluster
000624_+ Nelson 8392 Cuttings.pdf,10 04482,s:10 04482,metadata_cluster
000624_+ Nelson 8392 Cuttings.pdf,10 04483,s:10 04482,metadata_cluster
000624_+ Nelson 8392 Cuttings.pdf,10 04484,s:10 04482,metadata_cluster
000624_+ Nelson 8392 Cuttings.pdf,10 04485,s:10 04482,metadata_cluster
000624_+ Nelson 8392 Cuttings.pdf,10 04486,s:10 04482,metadata_cluster
000626_Nelson DC _______.pdf,10 08460,s:10 08460,single_report
000626_Nelson DC _______.pdf,10 08461,s:10 08460,single_report
000626_Nelson DC _______.pdf,10 08462,s:10 08460,single_report
000626_Nelson DC _______.pdf,10 08463,s:10 08460,single_report
000630_Castle (01-047) J Pad _802_PW 2023_final.pdf,30389894002,s:30389894002,single_report
000631_20250708103510585.pdf,0100517-01,s:0100517-01,single_report
000631_20250708103510585.pdf,0100517-02,s:0100517-01,single_report
000640_20250708105134382.pdf,30206812001,s:30206812001,single_report
000669_20250708113313297.pdf,1158,s:1158,single_report
000669_20250708113313297.pdf,1160,s:1158,single_report
000669_20250708113313297.pdf,1161,s:1158,single_report
000669_20250708113313297.pdf,1162,s:1158,single_report
000669_20250708113313297.pdf,1167,s:1158,single_report
000669_20250708113313297.pdf,1168,s:1158,single_report
000669_20250708113313297.pdf,1170,s:1158,single_report
000669_20250708113313297.pdf,960,s:1158,single_report
000669_20250708113313297.pdf,961,s:1158,single_report
000669_20250708113313297.pdf,962,s:1158,single_report
000669_20250708113313297.pdf,963,s:1158,single_report
000672_20250708114012822.pdf,490-57123-J-1-B MS,s:490-57123-J-1-B MS,single_report
000677_CHIEF 26R_RWC 802 Submittal.pdf,1C04244-01,s:1C04244-01,metadata_cluster
000677_CHIEF 26R_RWC 802 Submittal.pdf,1C08268-01,s:1C08268-01,metadata_cluster
000677_CHIEF 26R_RWC 802 Submittal.pdf,1C16049-01,s:1C16049-01,metadata_cluster
000677_CHIEF 26R_RWC 802 Submittal.pdf,1C17125-01,s:1C17125-01,metadata_cluster
000677_CHIEF 26R_RWC 802 Submittal.pdf,1C19035-01,s:1C19035-01,metadata_cluster
000677_CHIEF 26R_RWC 802 Submittal.pdf,1C23023-01,s:1C23023-01,metadata_cluster
000716_2022-02-10 WEST 299 26R ANALYTICAL 2021065 ESL.pdf,22020898-001AMS,s:22020898-001AMS,single_report
000716_2022-02-10 WEST 299 26R ANALYTICAL 2021065 ESL.pdf,RLC-55199,s:22020898-001AMS,single_report
000716_2022-02-10 WEST 299 26R ANALYTICAL 2021065 ESL.pdf,RLCD-55199,s:22020898-001AMS,single_report
000718_2022-12-29 DCNR 007 K 94H MARCELLUS 26R ANALYTICAL 22L2658_1 ESL.pdf,30550761001,s:30550761001,single_report
000728_2023-01-04 D16-PHC-K 35H MARCELLUS 26R ANALYTICAL 23A0280_1 ESL.pdf,30552218001,s:30552218001,single_report
000736_2023-01-04 D16-PHC-Z 58H MARCELLUS 26R ANALYTICAL 23A0282_1 ESL.pdf,30552222001,s:30552222001,single_report
000738_2023-01-04 E16-PHC-D 43H MARCELLUS 26R ANALYTICAL 23A0283_1 ESL AMENDED 2023-01-16.pdf,30552219001,s:30552219001,single_report
000745_230105_B09-I_Skillman_7-03-0-012-000-000_W1_Master EDD.pdf,22G0789-01,s:22G0789-01,single_report
000745_230105_B09-I_Skillman_7-03-0-012-000-000_W1_Master EDD.pdf,22G1631-01,s:22G0789-01,single_report
000745_230105_B09-I_Skillman_7-03-0-012-000-000_W1_Master EDD.pdf,22H1545-01,s:22G0789-01,single_report
000748_B09-I_Rosenberger_7-03-0-033-000-CG-000_W1_Master EDD_UPDATE THIS.pdf,2211514-01,s:2211514-01,metadata_cluster
000748_B09-I_Rosenberger_7-03-0-033-000-CG-000_W1_Master EDD_UPDATE THIS.pdf,2212184-01,s:2211514-01,metadata_cluster
000748_B09-I_Rosenberger_7-03-0-033-000-CG-000_W1_Master EDD_UPDATE THIS.pdf,2212280-01,s:2211514-01,metadata_cluster
000748_B09-I_Rosenberger_7-03-0-033-000-CG-000_W1_Master EDD_UPDATE THIS.pdf,2212740-01,s:2211514-01,metadata_cluster
000748_B09-I_Rosenberger_7-03-0-033-000-CG-000_W1_Master EDD_UPDATE THIS.pdf,22J0606-01,s:2211514-01,metadata_cluster
000748_B09-I_Rosenberger_7-03-0-033-000-CG-000_W1_Master EDD_UPDATE THIS.pdf,23A0635-Grab,s:23A0635-Grab,metadata_cluster
000751_Seneca Resources_Cruttenden 846_Owlett Rebuttal Report.pdf,1019814,s:1019814,single_report
000783_Sturgis B_RWC802_26R_2022.pdf,9C07062-01,s:9C07062-01,metadata_cluster
000783_Sturgis B_RWC802_26R_2022.pdf,8H09207-01,s:8H09207-01,metadata_cluster
000789_Guillame 08-714_802_PW 2023.pdf,30529170002,s:30529170002,single_report
000790_T Pierson 801_RWC802_26R_2022.pdf,9119016-01,s:9119016-01,single_report
000790_T Pierson 801_RWC802_26R_2022.pdf,9119016-02,s:9119016-01,single_report
000791_Thomas 808_RWC802_26R_2022.pdf,9119014-01,s:9119014-01,single_report
000791_Thomas 808_RWC802_26R_2022.pdf,9119014-02,s:9119014-01,single_report
000792_Tract 839 815_RWC802_26R_2022.pdf,9119014-01,s:9119014-01,single_report
000792_Tract 839 815_RWC802_26R_2022.pdf,9119014-02,s:9119014-01,single_report
000798_SWNPC_FORM 26R_RY2022_RWC 802_PRODUCED FLUID.pdf,AW2413-01,s:AW2413-01,metadata_cluster
000798_SWNPC_FORM 26R_RY2022_RWC 802_PRODUCED FLUID.pdf,AWK1633-01,s:AWK1633-01,metadata_cluster
000798_SWNPC_FORM 26R_RY2022_RWC 802_PRODUCED FLUID.pdf,AWK2633-01,s:AWK2633-01,metadata_cluster
000798_SWNPC_FORM 26R_RY2022_RWC 802_PRODUCED FLUID.pdf,AWK1632-01,s:AWK1632-01,metadata_cluster
000798_SWNPC_FORM 26R_RY2022_RWC 802_PRODUCED FLUID.pdf,AWK2627-01,s:AWK2627-01,metadata_cluster
000805_Broadwater Drill Fluid.pdf,4D24118-01,s:4D24118-01,single_report
000806_SWNPC_FORM 26R_RY2022_RWC 810_DRILL CUTTINGS.pdf,22081906-001,s:22081906-001,single_report
000806_SWNPC_FORM 26R_RY2022_RWC 810_DRILL CUTTINGS.pdf,22081906-002,s:22081906-001,single_report
000808_RedHookCS_501502 AsbestosPCB Containing Waste.pdf,8C06001-02,s:8C06001-02,metadata_cluster
000808_RedHookCS_501502 AsbestosPCB Containing Waste.pdf,8C06001-03,s:8C06001-02,metadata_cluster
000808_RedHookCS_501502 AsbestosPCB Containing Waste.pdf,8C06001-04,s:8C06001-02,metadata_cluster
000808_RedHookCS_501502 AsbestosPCB Containing Waste.pdf,8C06001-05,s:8C06001-02,metadata_cluster
000808_RedHookCS_501502 AsbestosPCB Containing Waste.pdf,8C06001-06,s:8C06001-02,metadata_cluster
000808_RedHookCS_501502 AsbestosPCB Containing Waste.pdf,8C06001-07,s:8C06001-02,metadata_cluster
000808_RedHookCS_501502 AsbestosPCB Containing Waste.pdf,8C02128-01,s:8C02128-01,metadata_cluster
000808_RedHookCS_501502 AsbestosPCB Containing Waste.pdf,8C02128-02,s:8C02128-01,metadata_cluster
000808_RedHookCS_501502 AsbestosPCB Containing Waste.pdf,8C02128-03,s:8C02128-01,metadata_cluster
000808_RedHookCS_501502 AsbestosPCB Containing Waste.pdf,8C02128-04,s:8C02128-01,metadata_cluster
000808_RedHookCS_501502 AsbestosPCB Containing Waste.pdf,8C02128-05,s:8C02128-01,metadata_cluster
000808_RedHookCS_501502 AsbestosPCB Containing Waste.pdf,8C02128-06,s:8C02128-01,metadata_cluster
000808_RedHookCS_501502 AsbestosPCB Containing Waste.pdf,8C02128-07,s:8C02128-01,metadata_cluster
000811_Cree Production 802.pdf,3D24094-13,s:3D24094-13,single_report
000815_Fuller A Production 802.pdf,3D24094-09,s:3D24094-09,single_report
000821_Hickok (08-114)_802_PW 2023.pdf,30638338002,s:30638338002,single_report
000826_Kemsod production 802.pdf,3D25094-01,s:3D25094-01,single_report
000827_20250708141415520.pdf,30236211001,s:30236211001,single_report
000847_Sharpnack production 802.pdf,4A27053-01,s:4A27053-01,single_report
000853_20250708143148704.pdf,7122167-01,s:7122167-01,single_report
000854_20250708143201251.pdf,7J06004-01,s:7J06004-01,single_report
000855_AXF3389_1 2019_Standard_Format_12.2.19 06 23 23 1738.pdf,AXF3389-01,s:AXF3389-01,single_report
000855_AXF3389_1 2019_Standard_Format_12.2.19 06 23 23 1738.pdf,AXF3389-02,s:AXF3389-01,single_report
000858_20250708143319973.pdf,7J05011-01,s:7J05011-01,single_report
000860_20250708143356751.pdf,7122168-01,s:7122168-01,single_report
000878_23D2073 FINAL AllDraftModified 19 May 23 1608.pdf,23D2073,s:23D2073,single_report
000881_23D2073 FINAL AllDraftModified 19 May 23 1608.pdf,23D2073,s:23D2073,single_report
000886_23D2072 FINAL AllDraftModified 19 May 23 1609.pdf,23D2072,s:23D2072,single_report
000886_XTO CRIM PAD (802) 112851PAW ARDEN.pdf,30556947001,s:30556947001,single_report
000911_23D2071 FINAL AllDraftModified 19 May 23 1610.pdf,23D2071,s:23D2071,single_report
000912_23D2072 FINAL AllDraftModified 19 May 23 1609.pdf,23D2072,s:23D2072,single_report
000914_Sawyer (08-376)_899_Cement_2023_final.pdf,AXE4074-01,s:AXE4074-01,single_report
000914_Sawyer (08-376)_899_Cement_2023_final.pdf,AXE4074-02,s:AXE4074-01,single_report
000916_SWRO Form 26R 2022 Signed-2-28-23.pdf,AWF1106-01,s:AWF1106-01,metadata_cluster
000916_SWRO Form 26R 2022 Signed-2-28-23.pdf,AWK3049-01,s:AWK3049-01,metadata_cluster
000916_SWRO Form 26R 2022 Signed-2-28-23.pdf,AWK3049-02,s:AWK3049-01,metadata_cluster
000916_SWRO Form 26R 2022 Signed-2-28-23.pdf,AWK3288-02,s:AWK3049-01,metadata_cluster
000916_SWRO Form 26R 2022 Signed-2-28-23.pdf,AWK4510-01,s:AWK4510-01,metadata_cluster
000916_SWRO Form 26R 2022 Signed-2-28-23.pdf,AWK4510-02,s:AWK4510-01,metadata_cluster
000916_SWRO Form 26R 2022 Signed-2-28-23.pdf,AWK5074-01,s:AWK5074-01,metadata_cluster
000916_SWRO Form 26R 2022 Signed-2-28-23.pdf,AWK5074-02,s:AWK5074-01,metadata_cluster
000916_SWRO Form 26R 2022 Signed-2-28-23.pdf,AWK5075-01,s:AWK5074-01,metadata_cluster
000916_SWRO Form 26R 2022 Signed-2-28-23.pdf,AWK5075-02,s:AWK5074-01,metadata_cluster
000916_SWRO Form 26R 2022 Signed-2-28-23.pdf,AWL0726-01,s:AWL0726-01,metadata_cluster
000916_SWRO Form 26R 2022 Signed-2-28-23.pdf,AWL0726-02,s:AWL0726-01,metadata_cluster
000916_SWRO Form 26R 2022 Signed-2-28-23.pdf,AWL2136-01,s:AWL2136-01,metadata_cluster
000916_SWRO Form 26R 2022 Signed-2-28-23.pdf,AWL2353-01,s:AWL2353-01,metadata_cluster
000916_SWRO Form 26R 2022 Signed-2-28-23.pdf,AWL2353-02,s:AWL2353-01,metadata_cluster
000916_SWRO Form 26R 2022 Signed-2-28-23.pdf,AWL2357-01,s:AWL2353-01,metadata_cluster
000916_SWRO Form 26R 2022 Signed-2-28-23.pdf,AWL2357-02,s:AWL2353-01,metadata_cluster
000916_SWRO Form 26R 2022 Signed-2-28-23.pdf,AWL3843-01,s:AWL3843-01,metadata_cluster
000916_SWRO Form 26R 2022 Signed-2-28-23.pdf,AWK4505-01,s:AWK4505-01,metadata_cluster
000916_SWRO Form 26R 2022 Signed-2-28-23.pdf,AWK4505-02,s:AWK4505-01,metadata_cluster
000916_SWRO Form 26R 2022 Signed-2-28-23.pdf,AWI1664-01,s:AWI1664-01,metadata_cluster
000916_SWRO Form 26R 2022 Signed-2-28-23.pdf,AWK4508-02,s:AWK4508-02,metadata_cluster
000916_SWRO Form 26R 2022 Signed-2-28-23.pdf,AWK4508-01,s:AWK4508-01,metadata_cluster
000916_SWRO Form 26R 2022 Signed-2-28-23.pdf,AWK5073-01,s:AWK5073-01,metadata_cluster
000916_SWRO Form 26R 2022 Signed-2-28-23.pdf,AWK5073-02,s:AWK5073-01,metadata_cluster
000916_SWRO Form 26R 2022 Signed-2-28-23.pdf,AWL0727-01,s:AWL0727-01,metadata_cluster
000916_SWRO Form 26R 2022 Signed-2-28-23.pdf,AWL0727-02,s:AWL0727-01,metadata_cluster
000916_SWRO Form 26R 2022 Signed-2-28-23.pdf,AWL3842-01,s:AWL3842-01,metadata_cluster
000948_Kjelgaard 802_RWC802_26R_2023.pdf,9119013-01,s:9119013-01,single_report
000954_Sturgis B_RWC802_26R_2023.pdf,9C07062-01,s:9C07062-01,metadata_cluster
000954_Sturgis B_RWC802_26R_2023.pdf,8H09207-01,s:8H09207-01,metadata_cluster
000962_Thomas 808_RWC802_26R_2023.pdf,9119014-01,s:9119014-01,single_report
000962_Thomas 808_RWC802_26R_2023.pdf,9119014-02,s:9119014-01,single_report
000968_Tract 839 815_RWC802_26R_2023.pdf,9119014-01,s:9119014-01,single_report
000968_Tract 839 815_RWC802_26R_2023.pdf,9119014-02,s:9119014-01,single_report
000969_Amigos_802_26RLab.pdf,G1512D69-001,s:G1512D69-001,single_report
000971_Tract 856 822_RWC802_26R_2023.pdf,9119014-01,s:9119014-01,single_report
000971_Tract 856 822_RWC802_26R_2023.pdf,9119014-02,s:9119014-01,single_report
000972_20250709101419408.pdf,WFN6 Sample Designation,s:WFN6 Sample Designation,single_report
000976_20250709102025825.pdf,9E23029-01,s:9E23029-01,metadata_cluster
000976_20250709102025825.pdf,9G10167-01,s:9G10167-01,metadata_cluster
000976_20250709102025825.pdf,9J24058-01,s:9J24058-01,metadata_cluster
000977_ThunderTwo_802_26RLab.pdf,30556947001,s:30556947001,single_report
000978_20250709102452927.pdf,8111449-02,s:8111449-02,single_report
000979_20250709102713096.pdf,9C27021-05,s:9C27021-05,single_report
001039_20250709114926553.pdf,30166699001,s:30166699001,single_report
001049_20250709115434652.pdf,30151983001,s:30151983001,single_report
001055_G2311790.pdf,G23117190-001,s:G23117190-001,single_report
001062_20250709120939906.pdf,511206601,s:511206601,single_report
001063_20250709121119311.pdf,4K14101-01,s:4K14101-01,single_report
001072_SWNPC_26R_RY2023_RWC 812_USED FILTERS (1).pdf,1J29186-01,s:1J29186-01,single_report
001072_SWNPC_26R_RY2023_RWC 812_USED FILTERS (1).pdf,1J29186-02,s:1J29186-01,single_report
001076_20250709123850545.pdf,G1810B31-001,s:G1810B31-001,single_report
001146_20250709132348569.pdf,8K02004-01,s:8K02004-01,single_report
001147_20250709135540956.pdf,8K02006-01,s:8K02006-01,single_report
001148_20250709135651233.pdf,8K02003-01,s:8K02003-01,single_report
001151_20250709140011813.pdf,8K02007-01,s:8K02007-01,single_report
001152_20250709140216030.pdf,8K02008-01,s:8K02008-01,single_report
001154_Inflection Energy_Bennett_RWC 802_Form 26R_RY2020.pdf,9K12044-01,s:9K12044-01,metadata_cluster
001154_Inflection Energy_Bennett_RWC 802_Form 26R_RY2020.pdf,9K12044-02,s:9K12044-01,metadata_cluster
001154_Inflection Energy_Bennett_RWC 802_Form 26R_RY2020.pdf,1A14096-01,s:1A14096-01,metadata_cluster
001159_20250709142511997.pdf,490-53327-1-1 DU,s:490-53327-1-1 DU,single_report
001165_Inflection Energy_Hamilton_RWC 899_Containment Gravel_Form 26R_RY2020.pdf,8114047-01,s:8114047-01,single_report
001168_Inflection Energy_Hillegas_RWC 802_Form 26R_RY2020.pdf,9K12042-01,s:9K12042-01,metadata_cluster
001168_Inflection Energy_Hillegas_RWC 802_Form 26R_RY2020.pdf,9K12042-02,s:9K12042-01,metadata_cluster
001168_Inflection Energy_Hillegas_RWC 802_Form 26R_RY2020.pdf,1A14206-01,s:1A14206-01,metadata_cluster
001170_20250709143919351.pdf,30235793001,s:30235793001,single_report
001173_20250709144233152.pdf,7J31134-10,s:7J31134-10,metadata_cluster
001173_20250709144233152.pdf,7J31134-11,s:7J31134-11,metadata_cluster
001173_20250709144233152.pdf,7J31134-01,s:7J31134-01,metadata_cluster
001173_20250709144233152.pdf,7J31134-02,s:7J31134-01,metadata_cluster
001173_20250709144233152.pdf,7J31134-03,s:7J31134-01,metadata_cluster
001173_20250709144233152.pdf,7J31134-04,s:7J31134-01,metadata_cluster
001173_20250709144233152.pdf,7J31134-05,s:7J31134-01,metadata_cluster
001173_20250709144233152.pdf,7J31134-06,s:7J31134-01,metadata_cluster
001173_20250709144233152.pdf,7J31134-07,s:7J31134-01,metadata_cluster
001173_20250709144233152.pdf,7J31134-08,s:7J31134-01,metadata_cluster
001173_20250709144233152.pdf,7J31134-09,s:7J31134-01,metadata_cluster
001173_20250709144233152.pdf,7L08058-01,s:7L08058-01,metadata_cluster
001173_20250709144233152.pdf,7L08058-02,s:7L08058-01,metadata_cluster
001173_20250709144233152.pdf,7K09001-01,s:7K09001-01,metadata_cluster
001173_20250709144233152.pdf,7K09001-02,s:7K09001-01,metadata_cluster
001173_20250709144233152.pdf,7K09001-03,s:7K09001-01,metadata_cluster
001173_20250709144233152.pdf,7K09001-04,s:7K09001-01,metadata_cluster
001173_20250709144233152.pdf,8A15101-01,s:8A15101-01,metadata_cluster
001173_20250709144233152.pdf,7L12031-02,s:7L12031-02,metadata_cluster
001173_20250709144233152.pdf,7L12031-03,s:7L12031-02,metadata_cluster
001174_Inflection Energy_Stunner-Smith_RWC 802_Solids_Form 26R_RY2020.pdf,9K12042-01,s:9K12042-01,metadata_cluster
001174_Inflection Energy_Stunner-Smith_RWC 802_Solids_Form 26R_RY2020.pdf,9K12042-02,s:9K12042-01,metadata_cluster
001174_Inflection Energy_Stunner-Smith_RWC 802_Solids_Form 26R_RY2020.pdf,1A14206-01,s:1A14206-01,metadata_cluster
001176_Inflection Energy_Stunner-Smith_RWC 809_Form 26R_RY2020.pdf,1A14085-01,s:1A14085-01,single_report
001178_Mono_802_26Rlab.pdf,G1512D51-001,s:G1512D51-001,single_report
001180_Inflection Energy_TLC_RWC 802_Solids_Form 26R_RY2020.pdf,0E05027-01,s:0E05027-01,single_report
001180_Inflection Energy_TLC_RWC 802_Solids_Form 26R_RY2020.pdf,0E05027-02,s:0E05027-01,single_report
001181_20250709145325156.pdf,G1704525-001,s:G1704525-001,single_report
001181_20250709145325156.pdf,G1704525-002,s:G1704525-001,single_report
001183_Inflection Energy_Ultimate Warrior_RWC 802_Form 26R_RY2020.pdf,9K12029-01,s:9K12029-01,single_report
001183_Inflection Energy_Ultimate Warrior_RWC 802_Form 26R_RY2020.pdf,9K12029-02,s:9K12029-01,single_report
001187_Inflection Energy_Yoder_RWC 802_Form 26R_RY2020.pdf,1A14213-01,s:1A14213-01,single_report
001192_23E0457 FINAL AllDraftModified 01 Jun 23 1039.pdf,23E0457,s:23E0457,single_report
"001197_Strawn, Robert 11479-810-G1912221.pdf",G1921221-001,s:G1921221-001,single_report
001219_30290603_JB.pdf,11751 ECKELS PRODUCTION,s:11751 ECKELS PRODUCTION,single_report
001222_30290602_JB.pdf,11750,s:11750,single_report
001230_30290603_JB.pdf,11751,s:11751,single_report
001235_30290602_JB.pdf,11750 FLICKENGER PRODUCTION SO,s:11750 FLICKENGER PRODUCTION SO,single_report
001235_30290602_JB.pdf,MEI ID# 11750 FLICKENGER PRODU,s:11750 FLICKENGER PRODUCTION SO,single_report
001265_30290603_JB.pdf,11751,s:11751,single_report
001279_30290602_JB.pdf,11750 FLICKENGER PRODUCTION SO,s:11750 FLICKENGER PRODUCTION SO,single_report
001279_Brova_804_26RLab.pdf,4073096-01,s:4073096-01,single_report
001289_SWRO Packet_Final.pdf,1J19150-01,s:1J19150-01,metadata_cluster
001289_SWRO Packet_Final.pdf,AYK0448-01,s:AYK0448-01,metadata_cluster
001296_J177354-1 UDS Level 2 Report Final Report.pdf,180-180-177354-1,s:180-180-177354-1,single_report
001319_Vankirk Clark 11822 - 899 CW.pdf,24C2996-01,s:24C2996-01,single_report
"001328_BarnesAJMorris,Veres,SGL223.pdf",9A28003-01,s:9A28003-01,metadata_cluster
"001328_BarnesAJMorris,Veres,SGL223.pdf",9A28003-02,s:9A28003-01,metadata_cluster
"001328_BarnesAJMorris,Veres,SGL223.pdf",9A28003-03,s:9A28003-01,metadata_cluster
"001328_BarnesAJMorris,Veres,SGL223.pdf",9A28003-04,s:9A28003-04,metadata_cluster
001329_batch 167.pdf,30166699001,s:30166699001,single_report
001331_batch 169.pdf,30181235001,s:30181235001,single_report
001368_Cop Tract 729 Compressor_7.23.2020.pdf,0G23228-01,s:0G23228-01,single_report
001370_2024-12-03 BURLEIGH 508 MARCELLUS 26R ANALYTICAL 24L0216_1 ESL.pdf,30739908001,s:30739908001,single_report
001371_Pine Hill Sylvania Pad B 2740 Brine 12 14 18.pdf,8L14137-01,s:8L14137-01,single_report
001378_Claypoole 802.pdf,5F24150-01,s:5F24150-01,single_report
001378_batch 210.pdf,7A30015-01,s:7A30015-01,single_report
001378_batch 210.pdf,7A30015-02,s:7A30015-01,single_report
001395_2024-12-05 FLACK 502 MARCELLUS 26R ANALYTICAL 24L0733_1 ESL.pdf,30740337001,s:30740337001,single_report
001403_2024-12-05 SYNNESTVEST 22# UTICA 26R ANALYTICAL 24L0730_1 ESL.pdf,30740338001,s:30740338001,single_report
001403_DCNR 007 D 2020-11-24 DCNR 007 D 128HU 26R ANALYTICAL 0K25013 FAIRWAY.pdf,0K25013-01,s:0K25013-01,single_report
001404_Abell (05_112)_802_PW 2020 (2).pdf,30336694002,s:30336694002,single_report
001407_2024-12-09 007K UTICA 26R ANALYTICAL 24L1037_1 ESL.pdf,30741326001,s:30741326001,single_report
001407_E17-COP-C 2019-04-18 E17-COP-C 18H 26R ANALYTICAL 9D19052 Revised 2020-07-28.pdf,9D19052-01,s:9D19052-01,single_report
001407_E17-COP-C 2019-04-18 E17-COP-C 18H 26R ANALYTICAL 9D19052 Revised 2020-07-28.pdf,9D19052-02,s:9D19052-01,single_report
001418_XPR_SW_2023.pdf,30618621001,s:30618621001,single_report
001420_CNX_2023RY_Forms26R_ChemicalAnalysis_SWRegion.pdf,AXH0807-01,s:AXH0807-01,single_report
001424_2023RY_EquitransMidstreamCorp_Forms26R_SWRegion.pdf,1B18035-01,s:1B18035-01,single_report
001427_PER 26R 2023 RY.pdf,AWH7636-01 (Solid/Composite),s:AWH7636-01 (Solid/Composite),metadata_cluster
001427_PER 26R 2023 RY.pdf,AXD5563-01,s:AXD5563-01,metadata_cluster
001427_PER 26R 2023 RY.pdf,AXJ1346-01,s:AXJ1346-01,metadata_cluster
001427_PER 26R 2023 RY.pdf,AXJ1346-02,s:AXJ1346-01,metadata_cluster
001436_SHAW TRUST 500 2019-06-28 SWEPI 802 26R ANALYTICAL.pdf,W_69143_414,s:W_69143_414,single_report
001465_RWC 804_SWNPC_9H21013 SWN TI-17 Hoffman.pdf,9H21013-01,s:9H21013-01,single_report
001465_RWC 804_SWNPC_9H21013 SWN TI-17 Hoffman.pdf,9H21013-02,s:9H21013-01,single_report
001469_RWC 810_SWNPC_TI-17 Hoffman Pad OBM Drill Cuttings (810) 0092449_1 ESL 10 28 2020 1344.pdf,30384888001,s:30384888001,single_report
001478_RWC_812_9L23145 SWN  RU-71 BLUE BECK PAD.pdf,9L23145-01,s:9L23145-01,single_report
001503_SWNPC_GU-T-Behrend Ross_Drill Cuttings_0061875_1 ESL 08 05 2020 1548.pdf,30369813001,s:30369813001,single_report
001503_SWNPC_GU-T-Behrend Ross_Drill Cuttings_0061875_1 ESL 08 05 2020 1548.pdf,30369813002,s:30369813001,single_report
001505_SWNPC_GU-VW MCMahon_Drill Cuttings (810)  0022089_1 ESL 04 01 2020 1012.pdf,30352248002,s:30352248002,single_report
001507_SWNPC_GU-Y-LOOMIS _0A22047 Drill Cuttings Pit (RWC 810)-Disposal.pdf,0A22047-01,s:0A22047-01,single_report
001507_SWNPC_GU-Y-LOOMIS _0A22047 Drill Cuttings Pit (RWC 810)-Disposal.pdf,0A22047-02,s:0A22047-01,single_report
001507_SWNPC_GU-Y-LOOMIS _0A22047 Drill Cuttings Pit (RWC 810)-Disposal.pdf,0A22047-03,s:0A22047-01,single_report
001507_SWNPC_GU-Y-LOOMIS _0A22047 Drill Cuttings Pit (RWC 810)-Disposal.pdf,0A22047-04,s:0A22047-01,single_report
001507_SWNPC_GU-Y-LOOMIS _0A22047 Drill Cuttings Pit (RWC 810)-Disposal.pdf,0A22047-05,s:0A22047-01,single_report
001507_SWNPC_GU-Y-LOOMIS _0A22047 Drill Cuttings Pit (RWC 810)-Disposal.pdf,0A22047-06,s:0A22047-01,single_report
001507_SWNPC_GU-Y-LOOMIS _0A22047 Drill Cuttings Pit (RWC 810)-Disposal.pdf,0A22047-07,s:0A22047-01,single_report
001507_SWNPC_GU-Y-LOOMIS _0A22047 Drill Cuttings Pit (RWC 810)-Disposal.pdf,0A22047-08,s:0A22047-01,single_report
001507_SWNPC_GU-Y-LOOMIS _0A22047 Drill Cuttings Pit (RWC 810)-Disposal.pdf,0A22047-09,s:0A22047-01,single_report
001507_SWNPC_GU-Y-LOOMIS _0A22047 Drill Cuttings Pit (RWC 810)-Disposal.pdf,0A22047-10,s:0A22047-01,single_report
001507_SWNPC_GU-Y-LOOMIS _0A22047 Drill Cuttings Pit (RWC 810)-Disposal.pdf,0A22047-11,s:0A22047-01,single_report
001507_SWNPC_GU-Y-LOOMIS _0A22047 Drill Cuttings Pit (RWC 810)-Disposal.pdf,0A22047-12,s:0A22047-01,single_report
"001513_AYH4160,AYJ5440 2019_Standard_Format_12.2.19 FINAL 11 05 24 1135.pdf",AYH4160-01,s:AYH4160-01,metadata_cluster
"001513_AYH4160,AYJ5440 2019_Standard_Format_12.2.19 FINAL 11 05 24 1135.pdf",AYH4160-02,s:AYH4160-01,metadata_cluster
"001513_AYH4160,AYJ5440 2019_Standard_Format_12.2.19 FINAL 11 05 24 1135.pdf",AYH4160-03,s:AYH4160-01,metadata_cluster
"001513_AYH4160,AYJ5440 2019_Standard_Format_12.2.19 FINAL 11 05 24 1135.pdf",AYH4160-04,s:AYH4160-01,metadata_cluster
"001513_AYH4160,AYJ5440 2019_Standard_Format_12.2.19 FINAL 11 05 24 1135.pdf",AYJ5440-01,s:AYJ5440-01,metadata_cluster
"001513_AYH4160,AYJ5440 2019_Standard_Format_12.2.19 FINAL 11 05 24 1135.pdf",AYJ5440-02,s:AYJ5440-01,metadata_cluster
"001513_AYH4160,AYJ5440 2019_Standard_Format_12.2.19 FINAL 11 05 24 1135.pdf",AYJ5440-03,s:AYJ5440-01,metadata_cluster
"001513_AYH4160,AYJ5440 2019_Standard_Format_12.2.19 FINAL 11 05 24 1135.pdf",AYJ5440-04,s:AYJ5440-01,metadata_cluster
001514_0C25051_1 2019_Standard_Format_12.2.19 04 17 20 1401.pdf,0C25051-01,s:0C25051-01,single_report
001515_0C05061_1 2019_Standard_Format_12.2.19 04 08 20 1223.pdf,0C05061-01,s:0C05061-01,single_report
001515_AYI2387AYJ5440 2019_Standard_Format_12.2.19 FINAL 11 06 24 1023.pdf,AYJ5440-04,s:AYJ5440-04,single_report
001627_G1607C90 Range Harmon Creek A Flowback.pdf,G1607C90-001,s:G1607C90-001,single_report
001705_810 Rads combined.pdf,G1610515-001,s:G1610515-001,single_report
001928_RWC_802FW_Headlee Pad A_20160914_1_G1609766_Final Report.pdf,2-7563,s:2-7563,single_report
001933_RWC_802FW_Vrona Pad A_20160803_1_G1608194_Final Report.pdf,2-7568,s:2-7568,single_report
002039_Booster 13_422_9A24013.pdf,9A24013-01,s:9A24013-01,single_report
002057_DeerlickCS_422_9A18032.pdf,9A18032-01,s:9A18032-01,single_report
002057_DeerlickCS_422_9A18032.pdf,9A18032-02,s:9A18032-01,single_report
002057_DeerlickCS_422_9A18032.pdf,9A18032-03,s:9A18032-01,single_report
002089_Mamont CS_422_9A21036.pdf,9A21036-01,s:9A21036-01,single_report
002096_MOR10_810&803&806_8H28017&8K300008.pdf,8K30008-01,s:8K30008-01,single_report
002104_MOR31_802_8L21003.pdf,8L21003-06,s:8L21003-06,metadata_cluster
002104_MOR31_802_8L21003.pdf,8L21003-01,s:8L21003-01,metadata_cluster
002104_MOR31_802_8L21003.pdf,8L21003-02,s:8L21003-01,metadata_cluster
002104_MOR31_802_8L21003.pdf,8L21003-03,s:8L21003-01,metadata_cluster
002104_MOR31_802_8L21003.pdf,8L21003-04,s:8L21003-01,metadata_cluster
002107_MOR42_802_8L21003.pdf,8L21003-01,s:8L21003-01,single_report
002107_MOR42_802_8L21003.pdf,8L21003-02,s:8L21003-01,single_report
002145_PineBankCS_422_9A21034.pdf,9A21034-01,s:9A21034-01,single_report
002150_RHL22_802_8L21003-03.pdf,8L21003-01,s:8L21003-01,single_report
002150_RHL22_802_8L21003-03.pdf,8L21003-02,s:8L21003-01,single_report
002150_RHL22_802_8L21003-03.pdf,8L21003-03,s:8L21003-01,single_report
002150_RHL22_802_8L21003-03.pdf,8L21003-04,s:8L21003-01,single_report
002150_RHL22_802_8L21003-03.pdf,8L21003-06,s:8L21003-01,single_report
002158_RushRunCS_422_9A18032.pdf,9A18032-01,s:9A18032-01,single_report
002158_RushRunCS_422_9A18032.pdf,9A18032-02,s:9A18032-01,single_report
002158_RushRunCS_422_9A18032.pdf,9A18032-03,s:9A18032-01,single_report
002160_ScottsRunCS_422_9A18032.pdf,9A18032-01,s:9A18032-01,single_report
002160_ScottsRunCS_422_9A18032.pdf,9A18032-02,s:9A18032-01,single_report
002160_ScottsRunCS_422_9A18032.pdf,9A18032-03,s:9A18032-01,single_report
002165_RWC_804FW_Baily Pad A_20160929_1_G1609G22_Final Report.pdf,G1609G22-002,s:G1609G22-002,single_report
002171_SW 2015 26R- Greene County 802 - Brine-Produced Fluid- Adamson B.pdf,4K17057-01,s:4K17057-01,single_report
002171_SW 2015 26R- Greene County 802 - Brine-Produced Fluid- Adamson B.pdf,4K17057-02,s:4K17057-01,single_report
002171_SW 2015 26R- Greene County 802 - Brine-Produced Fluid- Adamson B.pdf,4K17057-03,s:4K17057-01,single_report
002171_SW 2015 26R- Greene County 802 - Brine-Produced Fluid- Adamson B.pdf,4K17057-04,s:4K17057-01,single_report
002173_805_Frac Sand_PBG Smith Pad A_Lab Data.pdf,G1606074-002,s:G1606074-002,single_report
002173_SW 2015 26R- Greene County 802 - Brine-Produced Fluid- Atcheson.pdf,4K18118-01,s:4K18118-01,single_report
002173_SW 2015 26R- Greene County 802 - Brine-Produced Fluid- Atcheson.pdf,4K18118-02,s:4K18118-01,single_report
002173_SW 2015 26R- Greene County 802 - Brine-Produced Fluid- Atcheson.pdf,4K18118-03,s:4K18118-01,single_report
002173_SW 2015 26R- Greene County 802 - Brine-Produced Fluid- Atcheson.pdf,4K18118-04,s:4K18118-01,single_report
002173_SW 2015 26R- Greene County 802 - Brine-Produced Fluid- Atcheson.pdf,4K18118-05,s:4K18118-01,single_report
002175_SW 2015 26R- Greene County 802 - Brine-Produced Fluid- Big Sky.pdf,4K19115-01,s:4K19115-01,single_report
002175_SW 2015 26R- Greene County 802 - Brine-Produced Fluid- Big Sky.pdf,4K19115-02,s:4K19115-01,single_report
002175_SW 2015 26R- Greene County 802 - Brine-Produced Fluid- Big Sky.pdf,4K19115-03,s:4K19115-01,single_report
002175_SW 2015 26R- Greene County 802 - Brine-Produced Fluid- Big Sky.pdf,4K19115-04,s:4K19115-01,single_report
002177_SW 2015 26R- Greene County 802 - Brine-Produced Fluid- Connors.pdf,4K19115-01,s:4K19115-01,single_report
002177_SW 2015 26R- Greene County 802 - Brine-Produced Fluid- Connors.pdf,4K19115-02,s:4K19115-01,single_report
002177_SW 2015 26R- Greene County 802 - Brine-Produced Fluid- Connors.pdf,4K19115-03,s:4K19115-01,single_report
002177_SW 2015 26R- Greene County 802 - Brine-Produced Fluid- Connors.pdf,4K19115-04,s:4K19115-01,single_report
002179_SW 2015 26R- Greene County 802 - Brine-Produced Fluid- D. Tharp.pdf,4K11107-01,s:4K11107-01,single_report
002179_SW 2015 26R- Greene County 802 - Brine-Produced Fluid- D. Tharp.pdf,4K11107-02,s:4K11107-01,single_report
002179_SW 2015 26R- Greene County 802 - Brine-Produced Fluid- D. Tharp.pdf,4K11107-03,s:4K11107-01,single_report
002179_SW 2015 26R- Greene County 802 - Brine-Produced Fluid- D. Tharp.pdf,4K11107-04,s:4K11107-01,single_report
002181_SW 2015 26R- Greene County 802 - Brine-Produced Fluid- Hardin.pdf,4K21123-01,s:4K21123-01,single_report
002181_SW 2015 26R- Greene County 802 - Brine-Produced Fluid- Hardin.pdf,4K21123-02,s:4K21123-01,single_report
002181_SW 2015 26R- Greene County 802 - Brine-Produced Fluid- Hardin.pdf,4K21123-03,s:4K21123-01,single_report
002181_SW 2015 26R- Greene County 802 - Brine-Produced Fluid- Hardin.pdf,4K21123-04,s:4K21123-01,single_report
002184_SW 2015 26R- Greene County 802 - Brine-Produced Fluid- J D Thistlethwaite.pdf,4K17057-01,s:4K17057-01,single_report
002184_SW 2015 26R- Greene County 802 - Brine-Produced Fluid- J D Thistlethwaite.pdf,4K17057-02,s:4K17057-01,single_report
002184_SW 2015 26R- Greene County 802 - Brine-Produced Fluid- J D Thistlethwaite.pdf,4K17057-03,s:4K17057-01,single_report
002184_SW 2015 26R- Greene County 802 - Brine-Produced Fluid- J D Thistlethwaite.pdf,4K17057-04,s:4K17057-01,single_report
002191_SW 2015 26R- Greene County 802 - Brine-Produced Fluid- Nicoloff.pdf,4K12115-01,s:4K12115-01,single_report
002191_SW 2015 26R- Greene County 802 - Brine-Produced Fluid- Nicoloff.pdf,4K12115-02,s:4K12115-01,single_report
002191_SW 2015 26R- Greene County 802 - Brine-Produced Fluid- Nicoloff.pdf,4K12115-03,s:4K12115-01,single_report
002191_SW 2015 26R- Greene County 802 - Brine-Produced Fluid- Nicoloff.pdf,4K12115-04,s:4K12115-01,single_report
002191_SW 2015 26R- Greene County 802 - Brine-Produced Fluid- Nicoloff.pdf,4K12115-05,s:4K12115-01,single_report
002193_SW 2015 26R- Greene County 802 - Brine-Produced Fluid- Patterson Creek.pdf,4K11107-01,s:4K11107-01,single_report
002193_SW 2015 26R- Greene County 802 - Brine-Produced Fluid- Patterson Creek.pdf,4K11107-02,s:4K11107-01,single_report
002193_SW 2015 26R- Greene County 802 - Brine-Produced Fluid- Patterson Creek.pdf,4K11107-03,s:4K11107-01,single_report
002193_SW 2015 26R- Greene County 802 - Brine-Produced Fluid- Patterson Creek.pdf,4K11107-04,s:4K11107-01,single_report
002195_SW 2015 26R- Greene County 802 - Brine-Produced Fluid- Phillips.pdf,4K18102-01,s:4K18102-01,single_report
002195_SW 2015 26R- Greene County 802 - Brine-Produced Fluid- Phillips.pdf,4K18102-02,s:4K18102-01,single_report
002195_SW 2015 26R- Greene County 802 - Brine-Produced Fluid- Phillips.pdf,4K18102-03,s:4K18102-01,single_report
002195_SW 2015 26R- Greene County 802 - Brine-Produced Fluid- Phillips.pdf,4K18102-04,s:4K18102-01,single_report
002197_RWC_805FW_PBG Smith Pad A_20160601_1_G1606073_Final Report.pdf,G1606073-002,s:G1606073-002,single_report
002198_SW 2015 26R- Greene County 802 - Brine-Produced Fluid- Roberts.pdf,4K21123-01,s:4K21123-01,single_report
002198_SW 2015 26R- Greene County 802 - Brine-Produced Fluid- Roberts.pdf,4K21123-02,s:4K21123-01,single_report
002198_SW 2015 26R- Greene County 802 - Brine-Produced Fluid- Roberts.pdf,4K21123-03,s:4K21123-01,single_report
002198_SW 2015 26R- Greene County 802 - Brine-Produced Fluid- Roberts.pdf,4K21123-04,s:4K21123-01,single_report
002199_SW 2015 26R- Greene County 802 - Brine-Produced Fluid- Sanders.pdf,4K18118-01,s:4K18118-01,single_report
002199_SW 2015 26R- Greene County 802 - Brine-Produced Fluid- Sanders.pdf,4K18118-02,s:4K18118-01,single_report
002199_SW 2015 26R- Greene County 802 - Brine-Produced Fluid- Sanders.pdf,4K18118-03,s:4K18118-01,single_report
002199_SW 2015 26R- Greene County 802 - Brine-Produced Fluid- Sanders.pdf,4K18118-04,s:4K18118-01,single_report
002199_SW 2015 26R- Greene County 802 - Brine-Produced Fluid- Sanders.pdf,4K18118-05,s:4K18118-01,single_report
002200_SW 2015 26R- Greene County 802 - Brine-Produced Fluid- Scotts Run.pdf,4K18102-01,s:4K18102-01,single_report
002200_SW 2015 26R- Greene County 802 - Brine-Produced Fluid- Scotts Run.pdf,4K18102-02,s:4K18102-01,single_report
002200_SW 2015 26R- Greene County 802 - Brine-Produced Fluid- Scotts Run.pdf,4K18102-03,s:4K18102-01,single_report
002200_SW 2015 26R- Greene County 802 - Brine-Produced Fluid- Scotts Run.pdf,4K18102-04,s:4K18102-01,single_report
002201_SW 2015 26R- Greene County 802 - Brine-Produced Fluid- Shipman.pdf,4K19115-01,s:4K19115-01,single_report
002201_SW 2015 26R- Greene County 802 - Brine-Produced Fluid- Shipman.pdf,4K19115-02,s:4K19115-01,single_report
002201_SW 2015 26R- Greene County 802 - Brine-Produced Fluid- Shipman.pdf,4K19115-03,s:4K19115-01,single_report
002201_SW 2015 26R- Greene County 802 - Brine-Produced Fluid- Shipman.pdf,4K19115-04,s:4K19115-01,single_report
002202_SW 2015 26R- Greene County 802 - Brine-Produced Fluid- Thompson.pdf,4K17057-01,s:4K17057-01,single_report
002202_SW 2015 26R- Greene County 802 - Brine-Produced Fluid- Thompson.pdf,4K17057-02,s:4K17057-01,single_report
002202_SW 2015 26R- Greene County 802 - Brine-Produced Fluid- Thompson.pdf,4K17057-03,s:4K17057-01,single_report
002202_SW 2015 26R- Greene County 802 - Brine-Produced Fluid- Thompson.pdf,4K17057-04,s:4K17057-01,single_report
002205_SW 2015 26R- Greene County 802 - Brine-Produced Fluid- West Run.pdf,Brine-WestRun-591400,s:Brine-WestRun-591400,metadata_cluster
002205_SW 2015 26R- Greene County 802 - Brine-Produced Fluid- West Run.pdf,4K18102-01,s:4K18102-01,metadata_cluster
002205_SW 2015 26R- Greene County 802 - Brine-Produced Fluid- West Run.pdf,4K18102-02,s:4K18102-01,metadata_cluster
002205_SW 2015 26R- Greene County 802 - Brine-Produced Fluid- West Run.pdf,4K18102-03,s:4K18102-01,metadata_cluster
002206_RWC_806FW_Baily Pad A_20160121_1_G1601965_Final Report.pdf,2-4408,s:2-4408,single_report
002206_SW 2015 26R- Greene County 802 - Brine-Produced Fluid- White.pdf,4K12115-01,s:4K12115-01,single_report
002206_SW 2015 26R- Greene County 802 - Brine-Produced Fluid- White.pdf,4K12115-02,s:4K12115-01,single_report
002206_SW 2015 26R- Greene County 802 - Brine-Produced Fluid- White.pdf,4K12115-03,s:4K12115-01,single_report
002206_SW 2015 26R- Greene County 802 - Brine-Produced Fluid- White.pdf,4K12115-04,s:4K12115-01,single_report
002206_SW 2015 26R- Greene County 802 - Brine-Produced Fluid- White.pdf,4K12115-05,s:4K12115-01,single_report
002226_SW 2015 26R- Greene County 804 - Fracing Fluid- A. Rose.pdf,5010061-01,s:5010061-01,metadata_cluster
002226_SW 2015 26R- Greene County 804 - Fracing Fluid- A. Rose.pdf,5D29129-01,s:5D29129-01,metadata_cluster
002226_SW 2015 26R- Greene County 804 - Fracing Fluid- A. Rose.pdf,5620001-01,s:5620001-01,metadata_cluster
002226_SW 2015 26R- Greene County 804 - Fracing Fluid- A. Rose.pdf,5E20005-01,s:5620001-01,metadata_cluster
002226_SW 2015 26R- Greene County 804 - Fracing Fluid- A. Rose.pdf,5121036-01,s:5121036-01,metadata_cluster
002226_SW 2015 26R- Greene County 804 - Fracing Fluid- A. Rose.pdf,51427015-01,s:51427015-01,metadata_cluster
002226_SW 2015 26R- Greene County 804 - Fracing Fluid- A. Rose.pdf,5109114-01,s:5109114-01,metadata_cluster
002226_SW 2015 26R- Greene County 804 - Fracing Fluid- A. Rose.pdf,5E21137-01,s:5E21137-01,metadata_cluster
002226_SW 2015 26R- Greene County 804 - Fracing Fluid- A. Rose.pdf,2-3441,s:2-3441,metadata_cluster
002228_LPR Energy - 26R_Form 2540_Bowers West Pad_2016.pdf,7A30061-01,s:7A30061-01,single_report
002228_SW 2015 26R- Greene County 804 - Fracing Fluid- Atcheson.pdf,2-3441,s:2-3441,metadata_cluster
002228_SW 2015 26R- Greene County 804 - Fracing Fluid- Atcheson.pdf,5010061-01,s:5010061-01,metadata_cluster
002229_SW 2015 26R- Greene County 804 - Fracing Fluid- Beazer.pdf,5H14110-01,s:5H14110-01,metadata_cluster
002229_SW 2015 26R- Greene County 804 - Fracing Fluid- Beazer.pdf,5H24079-01,s:5H24079-01,metadata_cluster
002230_LPR Energy - 26R_Form 2540_PMG Grace Pad_2016.pdf,7A30063-01,s:7A30063-01,single_report
002230_SW 2015 26R- Greene County 804 - Fracing Fluid- Big Sky.pdf,5H14109-01,s:5H14109-01,single_report
002231_STL Resources 2020 Annual Waste Report Produced Water 26R Sturgis B pad.pdf,9C07062-01,s:9C07062-01,metadata_cluster
002231_STL Resources 2020 Annual Waste Report Produced Water 26R Sturgis B pad.pdf,8H09207-01,s:8H09207-01,metadata_cluster
002231_SW 2015 26R- Greene County 804 - Fracing Fluid- Christen.pdf,5010061-01,s:5010061-01,metadata_cluster
002231_SW 2015 26R- Greene County 804 - Fracing Fluid- Christen.pdf,5D15112-01,s:5D15112-01,metadata_cluster
002231_SW 2015 26R- Greene County 804 - Fracing Fluid- Christen.pdf,51029129-0,s:51029129-0,metadata_cluster
002231_SW 2015 26R- Greene County 804 - Fracing Fluid- Christen.pdf,5F22004-01,s:5F22004-01,metadata_cluster
002231_SW 2015 26R- Greene County 804 - Fracing Fluid- Christen.pdf,5G13037-01,s:5G13037-01,metadata_cluster
002231_SW 2015 26R- Greene County 804 - Fracing Fluid- Christen.pdf,5121036-01,s:5121036-01,metadata_cluster
002231_SW 2015 26R- Greene County 804 - Fracing Fluid- Christen.pdf,5E11006-01,s:5E11006-01,metadata_cluster
002231_SW 2015 26R- Greene County 804 - Fracing Fluid- Christen.pdf,5620001-01,s:5620001-01,metadata_cluster
002231_SW 2015 26R- Greene County 804 - Fracing Fluid- Christen.pdf,5116008-01,s:5116008-01,metadata_cluster
002233_SW 2015 26R- Greene County 804 - Fracing Fluid- Cooper.pdf,5010061-01,s:5010061-01,metadata_cluster
002233_SW 2015 26R- Greene County 804 - Fracing Fluid- Cooper.pdf,5029129-01,s:5029129-01,metadata_cluster
002233_SW 2015 26R- Greene County 804 - Fracing Fluid- Cooper.pdf,51427015-01,s:51427015-01,metadata_cluster
002233_SW 2015 26R- Greene County 804 - Fracing Fluid- Cooper.pdf,5109114-01,s:5109114-01,metadata_cluster
002233_SW 2015 26R- Greene County 804 - Fracing Fluid- Cooper.pdf,5128018-01,s:5128018-01,metadata_cluster
002233_SW 2015 26R- Greene County 804 - Fracing Fluid- Cooper.pdf,5K25134-01,s:5K25134-01,metadata_cluster
002233_SW 2015 26R- Greene County 804 - Fracing Fluid- Cooper.pdf,5J28018-01,s:5J28018-01,metadata_cluster
002233_SW 2015 26R- Greene County 804 - Fracing Fluid- Cooper.pdf,2-3441,s:2-3441,metadata_cluster
002234_SW 2015 26R- Greene County 804 - Fracing Fluid- D. Tharp.pdf,5620001-01,s:5620001-01,metadata_cluster
002234_SW 2015 26R- Greene County 804 - Fracing Fluid- D. Tharp.pdf,5E21137-01,s:5E21137-01,metadata_cluster
002234_SW 2015 26R- Greene County 804 - Fracing Fluid- D. Tharp.pdf,5J28018-01,s:5J28018-01,metadata_cluster
002234_SW 2015 26R- Greene County 804 - Fracing Fluid- D. Tharp.pdf,5128018-01,s:5128018-01,metadata_cluster
002234_SW 2015 26R- Greene County 804 - Fracing Fluid- D. Tharp.pdf,5K25134-01,s:5K25134-01,metadata_cluster
002234_SW 2015 26R- Greene County 804 - Fracing Fluid- D. Tharp.pdf,5H06141-01,s:5H06141-01,metadata_cluster
002234_SW 2015 26R- Greene County 804 - Fracing Fluid- D. Tharp.pdf,5H14110-01,s:5H14110-01,metadata_cluster
002234_SW 2015 26R- Greene County 804 - Fracing Fluid- D. Tharp.pdf,5H24079-01,s:5H14110-01,metadata_cluster
002235_SW 2015 26R- Greene County 804 - Fracing Fluid- Hardin.pdf,5G20075-01,s:5G20075-01,metadata_cluster
002235_SW 2015 26R- Greene County 804 - Fracing Fluid- Hardin.pdf,5010061-01,s:5010061-01,metadata_cluster
002235_SW 2015 26R- Greene County 804 - Fracing Fluid- Hardin.pdf,5H14111-01,s:5H14111-01,metadata_cluster
002235_SW 2015 26R- Greene County 804 - Fracing Fluid- Hardin.pdf,5J28018-01,s:5J28018-01,metadata_cluster
002235_SW 2015 26R- Greene County 804 - Fracing Fluid- Hardin.pdf,51427015-01,s:51427015-01,metadata_cluster
002235_SW 2015 26R- Greene County 804 - Fracing Fluid- Hardin.pdf,5K25134-01,s:5K25134-01,metadata_cluster
002236_SW 2015 26R- Greene County 804 - Fracing Fluid- Hawkins.pdf,5F22004-01,s:5F22004-01,metadata_cluster
002236_SW 2015 26R- Greene County 804 - Fracing Fluid- Hawkins.pdf,5121036-01,s:5121036-01,metadata_cluster
002236_SW 2015 26R- Greene County 804 - Fracing Fluid- Hawkins.pdf,5J28018-01,s:5J28018-01,metadata_cluster
002236_SW 2015 26R- Greene County 804 - Fracing Fluid- Hawkins.pdf,5E21137-01,s:5E21137-01,metadata_cluster
002236_SW 2015 26R- Greene County 804 - Fracing Fluid- Hawkins.pdf,5H14111-01,s:5H14111-01,metadata_cluster
002236_SW 2015 26R- Greene County 804 - Fracing Fluid- Hawkins.pdf,5H20025-01,s:5H20025-01,metadata_cluster
002240_SW 2015 26R- Greene County 804 - Fracing Fluid- Koloski.pdf,5E20005-01,s:5E20005-01,single_report
002242_SW 2015 26R- Greene County 804 - Fracing Fluid- Moore.pdf,51120025-001,s:51120025-001,metadata_cluster
002242_SW 2015 26R- Greene County 804 - Fracing Fluid- Moore.pdf,5620001-01,s:5620001-01,metadata_cluster
002242_SW 2015 26R- Greene County 804 - Fracing Fluid- Moore.pdf,5K25134-01,s:5K25134-01,metadata_cluster
002242_SW 2015 26R- Greene County 804 - Fracing Fluid- Moore.pdf,5J21009-01,s:5J21009-01,metadata_cluster
002242_SW 2015 26R- Greene County 804 - Fracing Fluid- Moore.pdf,5015112-01,s:5015112-01,metadata_cluster
002242_SW 2015 26R- Greene County 804 - Fracing Fluid- Moore.pdf,5E22086-01,s:5E22086-01,metadata_cluster
002242_SW 2015 26R- Greene County 804 - Fracing Fluid- Moore.pdf,5H06141-01,s:5H06141-01,metadata_cluster
002242_SW 2015 26R- Greene County 804 - Fracing Fluid- Moore.pdf,5K20135-01,s:5K20135-01,metadata_cluster
002242_SW 2015 26R- Greene County 804 - Fracing Fluid- Moore.pdf,2-3441,s:2-3441,metadata_cluster
002243_SW 2015 26R- Greene County 804 - Fracing Fluid- Nicoloff.pdf,5E20075-01,s:5E20075-01,metadata_cluster
002243_SW 2015 26R- Greene County 804 - Fracing Fluid- Nicoloff.pdf,5G20075-01,s:5G20075-01,metadata_cluster
002243_SW 2015 26R- Greene County 804 - Fracing Fluid- Nicoloff.pdf,5010061-01,s:5010061-01,metadata_cluster
002243_SW 2015 26R- Greene County 804 - Fracing Fluid- Nicoloff.pdf,5H20025-01,s:5H20025-01,metadata_cluster
002243_SW 2015 26R- Greene County 804 - Fracing Fluid- Nicoloff.pdf,51120025-0,s:51120025-0,metadata_cluster
002243_SW 2015 26R- Greene County 804 - Fracing Fluid- Nicoloff.pdf,5E21137-01,s:5E21137-01,metadata_cluster
002243_SW 2015 26R- Greene County 804 - Fracing Fluid- Nicoloff.pdf,2-3441,s:2-3441,metadata_cluster
002244_SW 2015 26R- Greene County 804 - Fracing Fluid- Ostrich.pdf,5E21137-01,s:5E21137-01,metadata_cluster
002244_SW 2015 26R- Greene County 804 - Fracing Fluid- Ostrich.pdf,G2301A82-001,s:G2301A82-001,metadata_cluster
002244_SW 2015 26R- Greene County 804 - Fracing Fluid- Ostrich.pdf,5121036-01,s:5121036-01,metadata_cluster
002244_SW 2015 26R- Greene County 804 - Fracing Fluid- Ostrich.pdf,5116008-01,s:5116008-01,metadata_cluster
002244_SW 2015 26R- Greene County 804 - Fracing Fluid- Ostrich.pdf,5J21009-01,s:5J21009-01,metadata_cluster
002244_SW 2015 26R- Greene County 804 - Fracing Fluid- Ostrich.pdf,5128018-01,s:5128018-01,metadata_cluster
002244_SW 2015 26R- Greene County 804 - Fracing Fluid- Ostrich.pdf,5K25134-01,s:5K25134-01,metadata_cluster
002244_SW 2015 26R- Greene County 804 - Fracing Fluid- Ostrich.pdf,5E20005-01,s:5E20005-01,metadata_cluster
002244_SW 2015 26R- Greene County 804 - Fracing Fluid- Ostrich.pdf,5620001-01,s:5620001-01,metadata_cluster
002244_SW 2015 26R- Greene County 804 - Fracing Fluid- Ostrich.pdf,5D29129-01,s:5D29129-01,metadata_cluster
002244_SW 2015 26R- Greene County 804 - Fracing Fluid- Ostrich.pdf,2-3441,s:2-3441,metadata_cluster
002245_SW 2015 26R- Greene County 804 - Fracing Fluid- Patterson Creek.pdf,5620001-01,s:5620001-01,metadata_cluster
002245_SW 2015 26R- Greene County 804 - Fracing Fluid- Patterson Creek.pdf,5E20005-01,s:5620001-01,metadata_cluster
002245_SW 2015 26R- Greene County 804 - Fracing Fluid- Patterson Creek.pdf,5E22086-01,s:5E22086-01,metadata_cluster
002245_SW 2015 26R- Greene County 804 - Fracing Fluid- Patterson Creek.pdf,5H06141-01,s:5H06141-01,metadata_cluster
002245_SW 2015 26R- Greene County 804 - Fracing Fluid- Patterson Creek.pdf,5H14110-01,s:5H14110-01,metadata_cluster
002245_SW 2015 26R- Greene County 804 - Fracing Fluid- Patterson Creek.pdf,5H24079-01,s:5H24079-01,metadata_cluster
002245_SW 2015 26R- Greene County 804 - Fracing Fluid- Patterson Creek.pdf,5J21009-01,s:5J21009-01,metadata_cluster
002245_SW 2015 26R- Greene County 804 - Fracing Fluid- Patterson Creek.pdf,5123034-01,s:5123034-01,metadata_cluster
002246_SW 2015 26R- Greene County 804 - Fracing Fluid- Pettit.pdf,5L16023-01,s:5L16023-01,single_report
002248_SW 2015 26R- Greene County 804 - Fracing Fluid- Pierce.pdf,5L16023-01,s:5L16023-01,single_report
002252_SW 2015 26R- Greene County 804 - Fracing Fluid- Thompson.pdf,5E20075-01,s:5E20075-01,metadata_cluster
002252_SW 2015 26R- Greene County 804 - Fracing Fluid- Thompson.pdf,5029129-01,s:5029129-01,metadata_cluster
002252_SW 2015 26R- Greene County 804 - Fracing Fluid- Thompson.pdf,5E21137-01,s:5E21137-01,metadata_cluster
002252_SW 2015 26R- Greene County 804 - Fracing Fluid- Thompson.pdf,5116008-01,s:5116008-01,metadata_cluster
002252_SW 2015 26R- Greene County 804 - Fracing Fluid- Thompson.pdf,5K25134-01,s:5K25134-01,metadata_cluster
002252_SW 2015 26R- Greene County 804 - Fracing Fluid- Thompson.pdf,2-3441,s:2-3441,metadata_cluster
002253_SW 2015 26R- Greene County 804 - Fracing Fluid- Walker B.pdf,5G20075-01,s:5G20075-01,metadata_cluster
002253_SW 2015 26R- Greene County 804 - Fracing Fluid- Walker B.pdf,5G13037-01,s:5G13037-01,metadata_cluster
002253_SW 2015 26R- Greene County 804 - Fracing Fluid- Walker B.pdf,5G30057-01,s:5G30057-01,metadata_cluster
002253_SW 2015 26R- Greene County 804 - Fracing Fluid- Walker B.pdf,5116008-01,s:5116008-01,metadata_cluster
002253_SW 2015 26R- Greene County 804 - Fracing Fluid- Walker B.pdf,5K25134-01,s:5K25134-01,metadata_cluster
002253_SW 2015 26R- Greene County 804 - Fracing Fluid- Walker B.pdf,3015112-01,s:3015112-01,metadata_cluster
002253_SW 2015 26R- Greene County 804 - Fracing Fluid- Walker B.pdf,5E22086-01,s:5E22086-01,metadata_cluster
002253_SW 2015 26R- Greene County 804 - Fracing Fluid- Walker B.pdf,51427015-01,s:51427015-01,metadata_cluster
002253_SW 2015 26R- Greene County 804 - Fracing Fluid- Walker B.pdf,2-3441,s:2-3441,metadata_cluster
002254_SW 2015 26R- Greene County 804 - Fracing Fluid- West Run.pdf,5E20075-01,s:5E20075-01,metadata_cluster
002254_SW 2015 26R- Greene County 804 - Fracing Fluid- West Run.pdf,5E11007-01,s:5E11007-01,metadata_cluster
002254_SW 2015 26R- Greene County 804 - Fracing Fluid- West Run.pdf,5620001-01,s:5620001-01,metadata_cluster
002254_SW 2015 26R- Greene County 804 - Fracing Fluid- West Run.pdf,5E20005-01,s:5620001-01,metadata_cluster
002254_SW 2015 26R- Greene County 804 - Fracing Fluid- West Run.pdf,5G13037-01,s:5G13037-01,metadata_cluster
002254_SW 2015 26R- Greene County 804 - Fracing Fluid- West Run.pdf,5H06141-01,s:5H06141-01,metadata_cluster
002254_SW 2015 26R- Greene County 804 - Fracing Fluid- West Run.pdf,5116008-01,s:5116008-01,metadata_cluster
002254_SW 2015 26R- Greene County 804 - Fracing Fluid- West Run.pdf,5109114-01,s:5109114-01,metadata_cluster
002254_SW 2015 26R- Greene County 804 - Fracing Fluid- West Run.pdf,5J28018-01,s:5J28018-01,metadata_cluster
002254_SW 2015 26R- Greene County 804 - Fracing Fluid- West Run.pdf,5K25134-01,s:5K25134-01,metadata_cluster
002254_SW 2015 26R- Greene County 804 - Fracing Fluid- West Run.pdf,2-3441,s:2-3441,metadata_cluster
002255_SW 2015 26R- Greene County 804 - Fracing Fluid- White.pdf,5029129-01,s:5029129-01,metadata_cluster
002255_SW 2015 26R- Greene County 804 - Fracing Fluid- White.pdf,5E20001-01,s:5E20001-01,metadata_cluster
002255_SW 2015 26R- Greene County 804 - Fracing Fluid- White.pdf,5E20005-01,s:5E20001-01,metadata_cluster
002255_SW 2015 26R- Greene County 804 - Fracing Fluid- White.pdf,5E21137-01,s:5E21137-01,metadata_cluster
002255_SW 2015 26R- Greene County 804 - Fracing Fluid- White.pdf,5H06141-01,s:5H06141-01,metadata_cluster
002255_SW 2015 26R- Greene County 804 - Fracing Fluid- White.pdf,5116008-01,s:5116008-01,metadata_cluster
002255_SW 2015 26R- Greene County 804 - Fracing Fluid- White.pdf,5K06137-01,s:5K06137-01,metadata_cluster
002255_SW 2015 26R- Greene County 804 - Fracing Fluid- White.pdf,5K25134-01,s:5K25134-01,metadata_cluster
002257_SW 2015 26R- Greene County 810 - Drill Cuttings- Beazer.pdf,SC27013-01,s:SC27013-01,metadata_cluster
002257_SW 2015 26R- Greene County 810 - Drill Cuttings- Beazer.pdf,5010063-01,s:5010063-01,metadata_cluster
002257_SW 2015 26R- Greene County 810 - Drill Cuttings- Beazer.pdf,5020056-01,s:5020056-01,metadata_cluster
002257_SW 2015 26R- Greene County 810 - Drill Cuttings- Beazer.pdf,51023057-03,s:51023057-03,metadata_cluster
002257_SW 2015 26R- Greene County 810 - Drill Cuttings- Beazer.pdf,5E08095-01,s:5E08095-01,metadata_cluster
002257_SW 2015 26R- Greene County 810 - Drill Cuttings- Beazer.pdf,5F11015-01,s:5F11015-01,metadata_cluster
002257_SW 2015 26R- Greene County 810 - Drill Cuttings- Beazer.pdf,5F11017-01,s:5F11015-01,metadata_cluster
002257_SW 2015 26R- Greene County 810 - Drill Cuttings- Beazer.pdf,5G08009-01,s:5G08009-01,metadata_cluster
002257_SW 2015 26R- Greene County 810 - Drill Cuttings- Beazer.pdf,5G10037-01,s:5G10037-01,metadata_cluster
002257_SW 2015 26R- Greene County 810 - Drill Cuttings- Beazer.pdf,SG23101-01,s:SG23101-01,metadata_cluster
002257_SW 2015 26R- Greene County 810 - Drill Cuttings- Beazer.pdf,5H05008-01,s:5H05008-01,metadata_cluster
002258_SW 2015 26R- Greene County 810 - Drill Cuttings- Big Sky.pdf,5G23102-01,s:5G23102-01,single_report
002262_SW 2015 26R- Greene County 810 - Drill Cuttings- Hildebrand.pdf,5F30005-01,s:5F30005-01,single_report
002263_SW 2015 26R- Greene County 810 - Drill Cuttings- J & J.pdf,5A26010-01,s:5A26010-01,metadata_cluster
002263_SW 2015 26R- Greene County 810 - Drill Cuttings- J & J.pdf,SC27013-01,s:SC27013-01,metadata_cluster
002263_SW 2015 26R- Greene County 810 - Drill Cuttings- J & J.pdf,SE05007-01,s:SE05007-01,metadata_cluster
002263_SW 2015 26R- Greene County 810 - Drill Cuttings- J & J.pdf,5E08095-01,s:5E08095-01,metadata_cluster
002263_SW 2015 26R- Greene County 810 - Drill Cuttings- J & J.pdf,5F11017-01,s:5F11017-01,metadata_cluster
002263_SW 2015 26R- Greene County 810 - Drill Cuttings- J & J.pdf,5G08009-01,s:5G08009-01,metadata_cluster
002263_SW 2015 26R- Greene County 810 - Drill Cuttings- J & J.pdf,5G02008-01,s:5G02008-01,metadata_cluster
002264_SW 2015 26R- Greene County 810 - Drill Cuttings- Johnston.pdf,SE05007-01,s:SE05007-01,single_report
002266_SW 2015 26R- Greene County 810 - Drill Cuttings- Pettit.pdf,51105008-01,s:51105008-01,single_report
002268_SW 2015 26R- Greene County 810 - Drill Cuttings- Shipman.pdf,SF22003-01,s:SF22003-01,metadata_cluster
002268_SW 2015 26R- Greene County 810 - Drill Cuttings- Shipman.pdf,5G10003-01,s:5G10003-01,metadata_cluster
002287_SW 2015 26R- Washington County 802 - Brine-Produced Fluid- Gallagher.pdf,4K17057-01,s:4K17057-01,single_report
002287_SW 2015 26R- Washington County 802 - Brine-Produced Fluid- Gallagher.pdf,4K17057-02,s:4K17057-01,single_report
002287_SW 2015 26R- Washington County 802 - Brine-Produced Fluid- Gallagher.pdf,4K17057-03,s:4K17057-01,single_report
002287_SW 2015 26R- Washington County 802 - Brine-Produced Fluid- Gallagher.pdf,4K17057-04,s:4K17057-01,single_report
002289_SW 2015 26R- Washington County 802 - Brine-Produced Fluid- Haywood.pdf,4K13160-01,s:4K13160-01,single_report
002289_SW 2015 26R- Washington County 802 - Brine-Produced Fluid- Haywood.pdf,4K13160-02,s:4K13160-01,single_report
002289_SW 2015 26R- Washington County 802 - Brine-Produced Fluid- Haywood.pdf,4K13160-03,s:4K13160-01,single_report
002289_SW 2015 26R- Washington County 802 - Brine-Produced Fluid- Haywood.pdf,4K13160-04,s:4K13160-01,single_report
002290_SW 2015 26R- Washington County 802 - Brine-Produced Fluid- Iams.pdf,4K25141-01,s:4K25141-01,single_report
002290_SW 2015 26R- Washington County 802 - Brine-Produced Fluid- Iams.pdf,4K25141-03,s:4K25141-01,single_report
002290_SW 2015 26R- Washington County 802 - Brine-Produced Fluid- Iams.pdf,4K25141-04,s:4K25141-01,single_report
002292_SW 2015 26R- Washington County 802 - Brine-Produced Fluid- Kevech.pdf,4K13160-01,s:4K13160-01,single_report
002292_SW 2015 26R- Washington County 802 - Brine-Produced Fluid- Kevech.pdf,4K13160-02,s:4K13160-01,single_report
002292_SW 2015 26R- Washington County 802 - Brine-Produced Fluid- Kevech.pdf,4K13160-03,s:4K13160-01,single_report
002292_SW 2015 26R- Washington County 802 - Brine-Produced Fluid- Kevech.pdf,4K13160-04,s:4K13160-01,single_report
002294_SW 2015 26R- Washington County 802 - Brine-Produced Fluid- Pine Oaks.pdf,4K13160-01,s:4K13160-01,single_report
002294_SW 2015 26R- Washington County 802 - Brine-Produced Fluid- Pine Oaks.pdf,4K13160-02,s:4K13160-01,single_report
002294_SW 2015 26R- Washington County 802 - Brine-Produced Fluid- Pine Oaks.pdf,4K13160-03,s:4K13160-01,single_report
002294_SW 2015 26R- Washington County 802 - Brine-Produced Fluid- Pine Oaks.pdf,4K13160-04,s:4K13160-01,single_report
002296_SW 2015 26R- Washington County 802 - Brine-Produced Fluid- Trax Farms.pdf,4K20133-01,s:4K20133-01,single_report
002296_SW 2015 26R- Washington County 802 - Brine-Produced Fluid- Trax Farms.pdf,4K20133-03,s:4K20133-01,single_report
002296_SW 2015 26R- Washington County 802 - Brine-Produced Fluid- Trax Farms.pdf,4K20133-04,s:4K20133-01,single_report
002305_SW 2015 26R- Washington County 803 - Drilling Fluid- Kevech.pdf,5101144-01,s:5101144-01,single_report
002313_SW 2015 26R- Washington County 804 - Fracing Fluid- Haywood.pdf,51427015-01,s:51427015-01,single_report
002314_SW 2015 26R- Washington County 804 - Fracing Fluid- Iams.pdf,5015112-01,s:5015112-01,metadata_cluster
002314_SW 2015 26R- Washington County 804 - Fracing Fluid- Iams.pdf,5E21137-01,s:5E21137-01,metadata_cluster
002314_SW 2015 26R- Washington County 804 - Fracing Fluid- Iams.pdf,5E22086-01,s:5E22086-01,metadata_cluster
002314_SW 2015 26R- Washington County 804 - Fracing Fluid- Iams.pdf,5H06141-01,s:5H06141-01,metadata_cluster
002314_SW 2015 26R- Washington County 804 - Fracing Fluid- Iams.pdf,5K20135-01,s:5K20135-01,metadata_cluster
002314_SW 2015 26R- Washington County 804 - Fracing Fluid- Iams.pdf,5123034-01,s:5123034-01,metadata_cluster
002314_SW 2015 26R- Washington County 804 - Fracing Fluid- Iams.pdf,5029129-01,s:5029129-01,metadata_cluster
002314_SW 2015 26R- Washington County 804 - Fracing Fluid- Iams.pdf,2-3441,s:2-3441,metadata_cluster
002315_SW 2015 26R- Washington County 804 - Fracing Fluid- J. Moninger.pdf,5121036-01,s:5121036-01,single_report
002318_SW 2015 26R- Washington County 804 - Fracing Fluid- Pine Oaks.pdf,5015112-01,s:5015112-01,metadata_cluster
002318_SW 2015 26R- Washington County 804 - Fracing Fluid- Pine Oaks.pdf,5E20001-01,s:5E20001-01,metadata_cluster
002318_SW 2015 26R- Washington County 804 - Fracing Fluid- Pine Oaks.pdf,5E20005-01,s:5E20001-01,metadata_cluster
002318_SW 2015 26R- Washington County 804 - Fracing Fluid- Pine Oaks.pdf,5G13037-01,s:5G13037-01,metadata_cluster
002318_SW 2015 26R- Washington County 804 - Fracing Fluid- Pine Oaks.pdf,5H06141-01,s:5H06141-01,metadata_cluster
002318_SW 2015 26R- Washington County 804 - Fracing Fluid- Pine Oaks.pdf,51120025-0,s:51120025-0,metadata_cluster
002318_SW 2015 26R- Washington County 804 - Fracing Fluid- Pine Oaks.pdf,5H20025-01,s:51120025-0,metadata_cluster
002318_SW 2015 26R- Washington County 804 - Fracing Fluid- Pine Oaks.pdf,5J09114-01,s:5J09114-01,metadata_cluster
002318_SW 2015 26R- Washington County 804 - Fracing Fluid- Pine Oaks.pdf,5128018-01,s:5128018-01,metadata_cluster
002318_SW 2015 26R- Washington County 804 - Fracing Fluid- Pine Oaks.pdf,5K25134-01,s:5K25134-01,metadata_cluster
002321_SW 2015 26R- Washington County 804 - Fracing Fluid- Werner.pdf,5E20075-01,s:5E20075-01,metadata_cluster
002321_SW 2015 26R- Washington County 804 - Fracing Fluid- Werner.pdf,5015112-01,s:5015112-01,metadata_cluster
002321_SW 2015 26R- Washington County 804 - Fracing Fluid- Werner.pdf,5E11006-01,s:5E11006-01,metadata_cluster
002321_SW 2015 26R- Washington County 804 - Fracing Fluid- Werner.pdf,5E21137-01,s:5E21137-01,metadata_cluster
002321_SW 2015 26R- Washington County 804 - Fracing Fluid- Werner.pdf,51120025-0,s:51120025-0,metadata_cluster
002321_SW 2015 26R- Washington County 804 - Fracing Fluid- Werner.pdf,5121036-01,s:5121036-01,metadata_cluster
002321_SW 2015 26R- Washington County 804 - Fracing Fluid- Werner.pdf,5J09114-01,s:5J09114-01,metadata_cluster
002321_SW 2015 26R- Washington County 804 - Fracing Fluid- Werner.pdf,5J21009-01,s:5J21009-01,metadata_cluster
002321_SW 2015 26R- Washington County 804 - Fracing Fluid- Werner.pdf,5K25134-01,s:5K25134-01,metadata_cluster
002321_SW 2015 26R- Washington County 804 - Fracing Fluid- Werner.pdf,5620001-01,s:5620001-01,metadata_cluster
002323_SW 2015 26R- Washington County 810 - Drill Cuttings.pdf,2-3441,s:2-3441,single_report
002325_SW 2015 26R- Washington County 810 - Drill Cuttings- Gallagher.pdf,5E11008-01,s:5E11008-01,single_report
002326_Brova_805-806-812 ESL-6081046-U&Rads.pdf,30192737001,s:30192737001,single_report
002328_SW 2015 26R- Washington County 810 - Drill Cuttings- J. Moninger.pdf,5010063-01,s:5010063-01,metadata_cluster
002328_SW 2015 26R- Washington County 810 - Drill Cuttings- J. Moninger.pdf,5D23057-03,s:5D23057-03,metadata_cluster
002328_SW 2015 26R- Washington County 810 - Drill Cuttings- J. Moninger.pdf,5E08095-01,s:5E08095-01,metadata_cluster
002328_SW 2015 26R- Washington County 810 - Drill Cuttings- J. Moninger.pdf,5E11008-01,s:5E11008-01,metadata_cluster
002328_SW 2015 26R- Washington County 810 - Drill Cuttings- J. Moninger.pdf,5E22088-01,s:5E22088-01,metadata_cluster
002328_SW 2015 26R- Washington County 810 - Drill Cuttings- J. Moninger.pdf,5F11015-01,s:5F11015-01,metadata_cluster
002328_SW 2015 26R- Washington County 810 - Drill Cuttings- J. Moninger.pdf,5F11017-01,s:5F11015-01,metadata_cluster
002328_SW 2015 26R- Washington County 810 - Drill Cuttings- J. Moninger.pdf,5F22001-01,s:5F22001-01,metadata_cluster
002328_SW 2015 26R- Washington County 810 - Drill Cuttings- J. Moninger.pdf,5010037-01,s:5010037-01,metadata_cluster
002328_SW 2015 26R- Washington County 810 - Drill Cuttings- J. Moninger.pdf,5G10001-01,s:5010037-01,metadata_cluster
002328_SW 2015 26R- Washington County 810 - Drill Cuttings- J. Moninger.pdf,5G02008-01,s:5G02008-01,metadata_cluster
002328_SW 2015 26R- Washington County 810 - Drill Cuttings- J. Moninger.pdf,5H05008-01,s:5H05008-01,metadata_cluster
002331_SW 2015 26R- Washington County 810 - Drill Cuttings- Robert Smith.pdf,5020056-01,s:5020056-01,single_report
002347_Captain USA_805-806 ESL-6070880-U&Rads.pdf,30189501001,s:30189501001,single_report
002360_Colonel Carl Martin_802 Fairway - 6G13221.pdf,2-9517,s:2-9517,single_report
002381_SW 2015 26R- Greene County 802 - Brine-Produced Fluid- Pipers Ridge.pdf,30149948002,s:30149948002,single_report
002396_Fowler_810-806 G1511409.pdf,30164065001,s:30164065001,single_report
002400_George Richter_812 6123116_1 ESL 01 31 2017 1406.pdf,G1701033-001,s:G1701033-001,single_report
002506_COMPLETE SOUTHWEST.pdf,30556947001,s:30556947001,metadata_cluster
002506_COMPLETE SOUTHWEST.pdf,8041518-01,s:8041518-01,metadata_cluster
002513_LPR Energy - 26R_Form 2540_Polk Pad_2018.pdf,9C23015-01,s:9C23015-01,single_report
002513_LPR Energy - 26R_Form 2540_Polk Pad_2018.pdf,9C23015-02,s:9C23015-01,single_report
002530_Lohr_808_ESL-6092815-U&Rads.pdf,30197274001,s:30197274001,single_report
002532_SWNPC_GU-G South Pad Drill Cuttings (810)_1011451_1 ESL 02 13 2021 1403.pdf,30402252001,s:30402252001,single_report
002532_SWNPC_GU-G South Pad Drill Cuttings (810)_1011451_1 ESL 02 13 2021 1403.pdf,30402252002,s:30402252001,single_report
002534_Allegany900_RWC802_2020.pdf,9120157-01,s:9120157-01,single_report
002539_2018 802 26R Corbett.pdf,8J26024-01,s:8J26024-01,single_report
002540_Lick Run 803_RWC802_2020.pdf,9119011-01,s:9119011-01,single_report
002540_Lick Run 803_RWC802_2020.pdf,9119011-02,s:9119011-01,single_report
002542_Marshlands Unit 3_RWC802_2020.pdf,9119017-01,s:9119017-01,single_report
002543_Mitchell A 903_RWC802_2020.pdf,9120150-01,s:9120150-01,single_report
002543_Mitchell A 903_RWC802_2020.pdf,9120150-02,s:9120150-01,single_report
002545_Pierson 810_RWC802_2020.pdf,9119015-01,s:9119015-01,single_report
002548_T Pierson 801_RWC899_2020.pdf,9119016-01,s:9119016-01,single_report
002548_T Pierson 801_RWC899_2020.pdf,9119016-02,s:9119016-01,single_report
002552_2018 802 26R Skacel.pdf,8K02005-01,s:8K02005-01,single_report
002552_Thomas 808_RWC899_2020.pdf,9119014-01,s:9119014-01,single_report
002552_Thomas 808_RWC899_2020.pdf,9119014-02,s:9119014-01,single_report
002555_2018 802 26R Uschak 1.pdf,8K02007-01,s:8K02007-01,single_report
002556_2018 802 26R Uschak 2.pdf,8K02008-01,s:8K02008-01,single_report
002557_2018 802 Frye 26R .pdf,8L14146-01,s:8L14146-01,single_report
002576_2020-02-19 EM Form 26R 2019 Submission.pdf,9C04081-01,s:9C04081-01,single_report
002602_26R Form_Johnston Well Pad_Wastewater Sludge_RWC 804 (RY2019).pdf,9F07032-01,s:9F07032-01,single_report
002602_Porter Street_805-806 Fairway 6K10199.pdf,2-11191,s:2-11191,single_report
002606_26R Form_P&G Warehouse Well Pad_Wastewater Sludge_RWC 804 (RY2019).pdf,9F03034-01,s:9F03034-01,single_report
002643_Sandrock_810-806 Fairway 5L02017.pdf,5L02017-01,s:5L02017-01,single_report
002648_26R Form_Trecoske North Well Pad_Produced Water_RWC 802 (RY2019).pdf,9L05014-01,s:9L05014-01,single_report
002648_26R Form_Trecoske North Well Pad_Produced Water_RWC 802 (RY2019).pdf,9L05014-02,s:9L05014-01,single_report
002653_Shumaker_804 ESL-6121444-U&Rads.pdf,30205523001,s:30205523001,single_report
002686_Throckmorton_805-806 Fairway-6I20011-U&Rads.pdf,2-11132,s:2-11132,single_report
002705_Waynesburg Compressor Station_802 ESL 15007.pdf,15007-001,s:15007-001,single_report
002783_E09-S 2020-01-23 E09-S 292H 26R Analytical 0A24067 Fairway.pdf,0A24067-01,s:0A24067-01,single_report
002808_Form 26R_Reesdale Ridge_810_2019.pdf,9111267-01,s:9111267-01,single_report
002817_CP Production 6122015_1 ESL 01 27 2017 1701.pdf,G1612B65-001,s:G1612B65-001,single_report
002928_30297471_JB.pdf,1,s:1,single_report
002932_26R_RY2021_CTRA_NEPA MARCELLUS SHALE OPERATIONS_RWC 808_SERVICING_WORKOVER FLUIDS-LIQUIDS.pdf,L179769-02,s:L179769-02,single_report
002934_26R_RY2021_CTRA_NEPA MARCELLUS SHALE OPERATIONS_RWC 810_DRILL CUTTINGS.pdf,L129594-02,s:L129594-02,metadata_cluster
002934_26R_RY2021_CTRA_NEPA MARCELLUS SHALE OPERATIONS_RWC 810_DRILL CUTTINGS.pdf,"TEDDICK, M. PAD 3_2021.10.05 (001)","s:TEDDICK, M. PAD 3_2021.10.05 (001)",metadata_cluster
002934_26R_RY2021_CTRA_NEPA MARCELLUS SHALE OPERATIONS_RWC 810_DRILL CUTTINGS.pdf,"TEDDICK, M. PAD 3_2021.10.05 (002)","s:TEDDICK, M. PAD 3_2021.10.05 (001)",metadata_cluster
002946_2021_NCRO_26R_FINAL_SIGNED 2-24-22 (1).pdf,1H27018-01,s:1H27018-01,metadata_cluster
002946_2021_NCRO_26R_FINAL_SIGNED 2-24-22 (1).pdf,1H31043-01,s:1H31043-01,metadata_cluster
002946_2021_NCRO_26R_FINAL_SIGNED 2-24-22 (1).pdf,1K15007-01,s:1K15007-01,metadata_cluster
002956_30299288_JB.pdf,1,s:1,single_report
002956_30299288_JB.pdf,2,s:1,single_report
002996_30329837_JB.pdf,"XTO-RC Winslow 5H, 6HU","s:XTO-RC Winslow 5H, 6HU",single_report
003010_30317131_JB.pdf,XTO-Trilogy Pad,s:XTO-Trilogy Pad,single_report
003055_Shumaker 6123111_1 ESL 01 31 2017 1408.pdf,G1701030-001,s:G1701030-001,single_report
003102_Alleghany 900_RWC802-26R_2021.pdf,9120157-01,s:9120157-01,single_report
003104_Button B 901_RWC802-26R_2021.pdf,9120162-01,s:9120162-01,single_report
003104_Button B 901_RWC802-26R_2021.pdf,9120162-02,s:9120162-01,single_report
003108_Mitchell A 903_RWC802-26R_2021.pdf,9120150-01,s:9120150-01,single_report
003108_Mitchell A 903_RWC802-26R_2021.pdf,9120150-02,s:9120150-01,single_report
003110_St Tract 839 815_RWC899-26R_2021.pdf,9119015-01,s:9119015-01,single_report
003112_T Pierson 801_RWC899-26R_2021.pdf,9119016-01,s:9119016-01,single_report
003112_T Pierson 801_RWC899-26R_2021.pdf,9119016-02,s:9119016-01,single_report
003113_Thomas 808_RWC802-26R_2021.pdf,9119014-01,s:9119014-01,single_report
003113_Thomas 808_RWC802-26R_2021.pdf,9119014-02,s:9119014-01,single_report
003115_G2111388.pdf,G211388-001,s:G211388-001,single_report
003130_X-Man Production 6122013_1 ESL 01 27 2017 1702.pdf,G1612B63-001,s:G1612B63-001,single_report
003164_1K12041_1 2019_Standard_Format_12.2.19 01 14 22 1444.pdf,1K12041-01,s:1K12041-01,single_report
003199_1L02012_1 2019_Standard_Format_12.2.19 01 14 22 1443.pdf,1L02012-01,s:1L02012-01,single_report
003261_Inflection Energy_Eichenlaub Pad_RWC 802_Produced Fluid_2019.12.12.pdf,1A14093-01,s:1A14093-01,single_report
003263_Inflection Energy_Hensler Pad_RWC 802_Produced Fluid_2022.01.03.pdf,22010235-001,s:22010235-001,single_report
003267_Inflection Energy_Ultimate Warrior Pad_RWC 802_Produced Fluid_2019.12.15.pdf,9K12029-01,s:9K12029-01,single_report
003267_Inflection Energy_Ultimate Warrior Pad_RWC 802_Produced Fluid_2019.12.15.pdf,9K12029-02,s:9K12029-01,single_report
003275_Inflection Energy_TLC Pad_RWC 803_Water-Based Drilling Fluid_2021.03.29.pdf,1D02107-01,s:1D02107-01,single_report
003275_Inflection Energy_TLC Pad_RWC 803_Water-Based Drilling Fluid_2021.03.29.pdf,1D02107-02,s:1D02107-01,single_report
003286_Inflection Energy_Hamilton Pad_RWC 809_Compressor Fluid_2020.12.02.pdf,1A14097-01,s:1A14097-01,single_report
003287_Inflection Energy_Stunner-Smith Pad_RWC 809_Compressor Fluid_2020.12.02.pdf,1A14085-01,s:1A14085-01,single_report
003288_Inflection Energy_Ultimate Warrior Pad_RWC 809_Compressor Fluid_2021.12.09.pdf,21121203-001,s:21121203-001,single_report
003385_293 pad C Brine 9-10-18.pdf,8110150-01,s:8110150-01,single_report
003392_RWC_804_SWNPC_RU-75-SGL-A-Pad_Used Frac Sand(804)_G2110665_G2110666_10.25.2021.pdf,G2110666-001,s:G2110666-001,single_report
003396_RWC_810_SWNPC_NR-23-Four Bucks-Pad_Drill Cuttings(810)_1041063_1 ESL 05 13 2021 0829.pdf,30415576001,s:30415576001,single_report
003396_RWC_810_SWNPC_NR-23-Four Bucks-Pad_Drill Cuttings(810)_1041063_1 ESL 05 13 2021 0829.pdf,30415576002,s:30415576001,single_report
003397_RWC_810_SWNPC_NR-23-Four Bucks-Pad_Drill Cuttings(810)_1051109_1 ESL 06 09 2021 1542.pdf,30421031001,s:30421031001,single_report
003397_RWC_810_SWNPC_NR-23-Four Bucks-Pad_Drill Cuttings(810)_1051109_1 ESL 06 09 2021 1542.pdf,30421031002,s:30421031001,single_report
003398_RWC_810_SWNPC_RU-36-Conklin_1010853_1 ESL 02 05 2021 0907.pdf,30401055001,s:30401055001,single_report
003398_RWC_810_SWNPC_RU-36-Conklin_1010853_1 ESL 02 05 2021 0907.pdf,30401055002,s:30401055001,single_report
003399_RWC_810_SWNPC_RU-36-Conklin_1011452_1 ESL 02 13 2021 1402.pdf,30402238001,s:30402238001,single_report
003399_RWC_810_SWNPC_RU-36-Conklin_1011452_1 ESL 02 13 2021 1402.pdf,30402238002,s:30402238001,single_report
003402_RWC_810_SWNPC_RU-75_Drill Cuttings (810)_1062024_1 ESL 07 20 2021 1610.pdf,21G1136-01,s:21G1136-01,single_report
003405_356 Pad J Brine 9-17-18.pdf,8117095-01,s:8117095-01,single_report
003407_596 Pad B Brine 9 25 18.pdf,8126023-01,s:8126023-01,single_report
003412_RWC_811_SWNPC_RU-31-Scott+0120892 ESL FINAL 12 28 2020 0931.pdf,20120672-001,s:20120672-001,single_report
003419_RWC_899_SWNPC_GU-D-Pad_Concrete Casing (899)_1092581_ESL 10 28 2021.pdf,30442954001,s:30442954001,single_report
003423_Fisk Hollow Pad A 9.25.18..pdf,8126027-01,s:8126027-01,single_report
003470_2022-10-04 B09-I 32H 26R ANALYTICAL 22J0213_1 ESL.pdf,30528596001,s:30528596001,single_report
003471_230105_B09-I_Bordas_7-03-0-032-000-000_W1_Master EDD.pdf,2210218-01,s:2210218-01,single_report
003471_230105_B09-I_Bordas_7-03-0-032-000-000_W1_Master EDD.pdf,22H2858-01,s:2210218-01,single_report
003472_DCNR 100 E 2017-05-04 DCNR 100 PAD E 26R Produced Fluid Analytical.pdf,7E05134-01,s:7E05134-01,single_report
003479_DCNR 595 E 2017-05-04 DCNR 595 PAD E Produced Fluid Analytical.pdf,7E05138-01,s:7E05138-01,single_report
003763_North_West_FINAL.pdf,0E29005-01,s:0E29005-01,single_report
003797_PC 2H 1K11025_1 2019_Standard_Format_12.2.19 12 20 21 1533.pdf,1K11025-01,s:1K11025-01,single_report
003809_802_COP Tract 289 Pad E.pdf,480-120202-1 MS,s:480-120202-1 MS,single_report
003904_F10-F 2021-01-04 F10-F MARCELLUS 95H 26R ANALYTICAL 1A04196.pdf,1A04196-01,s:1A04196-01,single_report
003905_F10-F 2021-01-04 F10-F UTICA 248HU 26R ANALYTICAL 1A04194.pdf,1A04194-01,s:1A04194-01,single_report
"003976_26R_Package_COG Fontana, C. (Pad 1)_RWC 802 Produced Water (RY2017).pdf",50825,s:50825,single_report
004073_Form 26R_Rolling Hills_806_2020_2.19.21.pdf,0129069-01,s:0129069-01,single_report
004079_Form 26R_RWC 804_2021_2.22.22.pdf,30400406001,s:30400406001,single_report
004081_Form 26R_RWC 810_2021_2.22.22.pdf,1C05079-01,s:1C05079-01,single_report
004082_Form 26R_RWC 812_2021_2.22.22.pdf,1031328-03,s:1031328-03,metadata_cluster
004082_Form 26R_RWC 812_2021_2.22.22.pdf,1121993-01,s:1121993-01,metadata_cluster
004082_Form 26R_RWC 812_2021_2.22.22.pdf,1121993-02,s:1121993-01,metadata_cluster
004082_Form 26R_RWC 812_2021_2.22.22.pdf,1121993-03,s:1121993-01,metadata_cluster
004082_Form 26R_RWC 812_2021_2.22.22.pdf,1C16142-01,s:1C16142-01,metadata_cluster
"004116_26R_Package_COG Wright, W. (Pad 1)_RWC 804 Tank Sediment-Sludge (Solidified) (RY2017).pdf",2196481001,s:2196481001,single_report
"004219_26R_Package_COG Howell, G. (Pad 1)_RWC 808 Servicing Fluids Solids (RY2017).pdf",2235090001,s:2235090001,metadata_cluster
"004219_26R_Package_COG Howell, G. (Pad 1)_RWC 808 Servicing Fluids Solids (RY2017).pdf","COGC-Howell, 6. Pad!","s:COGC-Howell, 6. Pad!",metadata_cluster
004226_26R_Package_COG JHHC (Pad 1)_RWC 810 Drill Cuttings (RY2017).pdf,8990945,s:8990945,single_report
004411_Harmon Creek C Unit - 803 - Analytical.pdf,G1702A17-002,s:G1702A17-002,single_report
004598_Muskovich Philip 12080 1H-6H Pad - 802 - Analytical.pdf,2-13095,s:2-13095,single_report
004735_EQT Corporation 26R Annual Report_SW_1 of 4.pdf,4K14001-01,s:4K14001-01,metadata_cluster
004735_EQT Corporation 26R Annual Report_SW_1 of 4.pdf,4K14001-03,s:4K14001-01,metadata_cluster
004735_EQT Corporation 26R Annual Report_SW_1 of 4.pdf,4K14001-04,s:4K14001-01,metadata_cluster
004735_EQT Corporation 26R Annual Report_SW_1 of 4.pdf,4K14001-05,s:4K14001-01,metadata_cluster
004735_EQT Corporation 26R Annual Report_SW_1 of 4.pdf,4K14001-06,s:4K14001-01,metadata_cluster
004735_EQT Corporation 26R Annual Report_SW_1 of 4.pdf,5E21137-01,s:5E21137-01,metadata_cluster
004735_EQT Corporation 26R Annual Report_SW_1 of 4.pdf,5J02059-01,s:5J02059-01,metadata_cluster
004735_EQT Corporation 26R Annual Report_SW_1 of 4.pdf,6G20217-01,s:6G20217-01,metadata_cluster
004735_EQT Corporation 26R Annual Report_SW_1 of 4.pdf,7122003-01,s:7122003-01,metadata_cluster
004884_Zalac Pad A_Tank Solids & Sludge (804)_comp.pdf,2-11484,s:2-11484,single_report
004895_Zalac Pad A_Produced Fluids (802)_comp.pdf,30203341001,s:30203341001,single_report
004903_Kisner Pad A_Synthetic Liners (806)_comp.pdf,2-11503,s:2-11503,single_report
004995_BellPt6_810&803&806_G1806961&8H03001.pdf,8H03001-01,s:8H03001-01,single_report
005002_Gaut4-M_802_2321654.pdf,1807428-05B,s:1807428-05B,single_report
005002_Gaut4-M_802_2321654.pdf,1807428-07D,s:1807428-05B,single_report
005032_MOR31_802_8H15011.pdf,8H15011-01,s:8H15011-01,single_report
005039_MOR44_810BH_8K26182.pdf,8K26182-01,s:8K26182-01,single_report
005065_RHL11_810&806_G1709C01&8I28044.pdf,8128044-01,s:8128044-01,single_report
005070_RHL27_810&806_G1806A44.pdf,G1806E95-001,s:G1806E95-001,single_report
005097_Dearmitt_802_Produced Fluid_26R.pdf,13022307-001D,s:13022307-001D,single_report
005097_Dearmitt_802_Produced Fluid_26R.pdf,3021003-01RE1,s:13022307-001D,single_report
005223_6K07039_2 2016_Standard_Format_11.3.16 12 12 16 1531.pdf,6K07039-01,s:6K07039-01,single_report
005225_6K07043_1 2016_Standard_Format_11.3.16 12 12 16 1530.pdf,6K07043-01,s:6K07043-01,single_report
005225_6K07043_1 2016_Standard_Format_11.3.16 12 12 16 1530.pdf,6K07043-02,s:6K07043-01,single_report
005225_6K07043_1 2016_Standard_Format_11.3.16 12 12 16 1530.pdf,6K07043-03,s:6K07043-01,single_report
005226_Batholomew B production.pdf,424117-01,s:424117-01,single_report
005231_Sharpnack Production.pdf,4A27053-01,s:4A27053-01,single_report
005243_Water Production Meadows 2 MH.pdf,3D24094-12,s:3D24094-12,single_report
005294_PattonCS_802_reuse.pdf,7112394-01,s:7112394-01,single_report
005294_PattonCS_802_reuse.pdf,7112394-02,s:7112394-01,single_report
005326_WaynesburgCS_802_reuse.pdf,7112399-02,s:7112399-02,single_report
005337_Wind Ridge Dehy_899_reuse.pdf,G1711E20-001,s:G1711E20-001,single_report
005338_Wind Ridge Dehy_899.pdf,G1711E20-001,s:G1711E20-001,single_report
005365_Bovinator_810.pdf,30220203001,s:30220203001,single_report
005369_Brova_804.pdf,2-13429,s:2-13429,single_report
005390_Daddy Long Legs Pad_806.pdf,G1609168-002,s:G1609168-002,single_report
005392_Daddy Long Legs Pad_810.pdf,G1609168-002,s:G1609168-002,single_report
005396_Dennis Cholak Pad_802.pdf,2-15173,s:2-15173,single_report
005437_Great Tiger Pad_810.pdf,30216229001,s:30216229001,single_report
005455_Habe Pad_804.pdf,2-5920,s:2-5920,single_report
005457_Habe Pad_812.pdf,30206701001,s:30206701001,single_report
005477_James Riice Pad_804.pdf,2-12738,s:2-12738,single_report
005483_John Briggs Pad_806.pdf,7L14006-01,s:7L14006-01,single_report
005492_Kentor Pad_804.pdf,2-13449,s:2-13449,single_report
005518_Master Splinter Pad_802.pdf,7L06012-01,s:7L06012-01,single_report
005527_McNeely Pad_810.pdf,30223363001,s:30223363001,single_report
005530_Mojo Pad_806.pdf,G1612B62-001,s:G1612B62-001,single_report
005542_Papa Bear Pad_812.pdf,G1711120-001,s:G1711120-001,single_report
005556_PLHC Pad_804.pdf,2-13925,s:2-13925,single_report
005577_Ridge Road Pad_802.pdf,7383,s:7383,single_report
005616_Thai Volcano Pad_803.pdf,2-16180,s:2-16180,single_report
005639_Waterboy Pad_806.pdf,3942B,s:3942B,single_report
005650_Wiley Pad_802.pdf,2-13059,s:2-13059,single_report
005654_Wiley Pad_806.pdf,6123022-01,s:6123022-01,single_report
005658_William Lane Pad_810.pdf,7L21222-01,s:7L21222-01,metadata_cluster
005658_William Lane Pad_810.pdf,7K29004-01,s:7K29004-01,metadata_cluster
005660_Wolverine Pad_804.pdf,2-9900,s:2-9900,single_report
005683_Back9Pond_899-Reuse.pdf,G1711119-001,s:G1711119-001,single_report
005750_GreatTigerPad_899-Reuse.pdf,30556947001,s:30556947001,single_report
005751_GrecoePad_802.pdf,7110190-01,s:7110190-01,single_report
005751_GrecoePad_802.pdf,7110190-02,s:7110190-01,single_report
005754_GrecoePad_899-Reuse.pdf,G1702635-001,s:G1702635-001,single_report
005813_MagnumPad_803.pdf,G1708461-001,s:G1708461-001,single_report
005849_PattonPad_802-Reuse.pdf,G1702636-001,s:G1702636-001,single_report
005852_PistonHondaPad_803.pdf,G1711941-001,s:G1711941-001,single_report
005874_PrairieFirePad_803-Reuse.pdf,30217624001,s:30217624001,single_report
005910_SotlerPad_803.pdf,G1711769-001,s:G1711769-001,single_report
005913_SunrisePond_899.pdf,G1711117-001,s:G1711117-001,single_report
005922_ThaiVolcanoPad_899-Reuse.pdf,G1706256-001,s:G1706256-001,single_report
005963_WileyPad_899-Reuse.pdf,G1612C86-001,s:G1612C86-001,metadata_cluster
005963_WileyPad_899-Reuse.pdf,7110233-01,s:7110233-01,metadata_cluster
005963_WileyPad_899-Reuse.pdf,7110233-02,s:7110233-01,metadata_cluster
005966_WilliamLanePad_899.pdf,G1711375-001,s:G1711375-001,single_report
006141_Lott 802.pdf,5F23109-01,s:5F23109-01,single_report
006144_Scotch 802.pdf,5F26108-04,s:5F26108-04,single_report
006155_Penn Cryo Plant (Waste #802 liquids)_Form 26R_2015.pdf,30110316001,s:30110316001,single_report
006155_Penn Cryo Plant (Waste #802 liquids)_Form 26R_2015.pdf,30110578002,s:30110316001,single_report
006192_2015_FW_Hambleton Pad A_SD_20150831_1_G1508F33_ALL.pdf,2-4425,s:2-4425,single_report
006205_2015_FW_Reamer Pad A_SD_20150727_1_G1507C90_ALL.pdf,2-4420,s:2-4420,single_report
006409_Analysis and Methodology.pdf,C9E120274,s:C9E120274,single_report
006410_Brine Analysis.pdf,1962537,s:1962537,single_report
006570_Bachelder 806 Liner(DC) NW Sani LF Form U Approv....pdf,61611887-001,s:61611887-001,single_report
006571_Bachelder DC-COC.pdf,61611887-001,s:61611887-001,single_report
